week,weekly_slot,cadence_type,cluster,category,article_form,title,slug,search_intent,primary_merchant_ids,primary_brands,supporting_merchant_ids,supporting_brands,all_brands,internal_link_targets,cta_style,risk_guardrail,elite_judgment,answer_summary,status
1,1,高購買意圖導購文,通勤穿搭與移動包款,casual-chic,buying-priority-guide,通勤包不是越大越好：容量、肩帶、正式感與雨天備案怎麼選,commute-bag-size-strap-formality-rain-backup,通勤包選購,TP0007070;TP0009277;TP0004592,S′AIME東京企劃;UD LAB;Heine海恩後背包,TP0003240;TP0003337;TP0005684,PPBOX 官方旗艦店 - 英國袋鼠 KANGOL;Mister手作皮件專門店;FULTON 富爾頓皇家晴雨傘,S′AIME東京企劃;UD LAB;Heine海恩後背包;PPBOX 官方旗艦店 - 英國袋鼠 KANGOL;Mister手作皮件專門店;FULTON 富爾頓皇家晴雨傘,commute-bag-capacity-weight-strap-formality-guide;rainy-workday-rain-boots-coat-umbrella-bag-materials,比較表後放三顆品牌 CTA,不宣稱耐用、防水或容量足夠所有情境。,先用每天帶的三件物品決定容量，再用肩帶與場合決定外型。,通勤包應先看每天攜帶物、肩背負擔與正式場合，再補雨天材質備案。,ready-to-brief
1,2,高購買意圖導購文,通勤穿搭與移動包款,casual-chic,seasonal-checklist,雨天上班不失控：抗風傘、雨鞋、雨衣與包款材質清單,rainy-commute-umbrella-rain-shoes-bag-materials,雨天通勤採買,TP0001609;TP0005684;TP0009277,OMBRA 雨傘 雨衣 雨鞋 旗艦店;FULTON 富爾頓皇家晴雨傘;UD LAB,TP0005647;TP0007070;TP0005110,左都雨傘官方旗艦店;S′AIME東京企劃;LFM機車精品網路旗艦店,OMBRA 雨傘 雨衣 雨鞋 旗艦店;FULTON 富爾頓皇家晴雨傘;UD LAB;左都雨傘官方旗艦店;S′AIME東京企劃;LFM機車精品網路旗艦店,rainy-workday-rain-boots-coat-umbrella-bag-materials;spring-summer-commute-sun-protection-umbrella-light-bag,段落內雙 CTA 加文末品牌清單,不保證防雨、防滑或抗風效果，規格回商品頁。,把雨具分成抵達前、進門後、收納時三段，避免只買好看的傘。,雨天通勤要同時處理防雨、收納與體面感，不能只看單一雨具。,ready-to-brief
1,3,高購買意圖導購文,AI 工作角落與創作者裝備,ai-innovation,use-case-guide,手機不是只靠保護殼：車用、桌面、充電與 MagSafe 配件整理法,phone-accessory-car-desk-charging-magsafe-system,手機配件選購,TP0009476;TP0000669;TP0009160,Momax Taiwan 摩米士台灣品牌旗艦店;手些小子3C 專營Apple蘋果周邊配件;TG3C 手機配件旗艦館,TP0007239;TP0009130;TP0002918,muni 3C手機平板週邊配件專賣店;AiHome｜專業智慧充電生活;GoRig行動攝錄影專賣,Momax Taiwan 摩米士台灣品牌旗艦店;手些小子3C 專營Apple蘋果周邊配件;TG3C 手機配件旗艦館;muni 3C手機平板週邊配件專賣店;AiHome｜專業智慧充電生活;GoRig行動攝錄影專賣,phone-accessory-commute-car-charging-desk;mobile-photography-cpl-rig-outdoor-creator-kit,商品卡分車用/桌面/外出三區,不宣稱充電速度、相容性或安全認證，需回商品頁確認。,先區分車上、辦公桌、旅行三個場景，再決定是否需要同一品牌系統。,手機配件應按使用場景分層，而不是只看保護殼外觀。,ready-to-brief
1,4,比較/選購順序文,辦公室補給與質感送禮,lifestyle-culture,comparison-guide,辦公室咖啡補給怎麼選：咖啡豆、濾掛、掛耳包與送禮盒,office-coffee-beans-drip-bag-gift-box-guide,辦公室咖啡,TP0000706;TP0006151;TP0009388,歐力咖啡 Olly Coffee｜實體店面同步販售;Xinto Coffee 世界雙金咖啡烘豆廠 鑫圖咖啡;馬克老爹專賣好咖啡 MARK-ODS Co. LTD,TP0006698;TP0009303;TP0006348,LEOBUNA 里昂布納精品咖啡;BINCOO官方旗艦店;LamiFans,歐力咖啡 Olly Coffee｜實體店面同步販售;Xinto Coffee 世界雙金咖啡烘豆廠 鑫圖咖啡;馬克老爹專賣好咖啡 MARK-ODS Co. LTD;LEOBUNA 里昂布納精品咖啡;BINCOO官方旗艦店;LamiFans,office-coffee-beans-drip-bags-workday-guide;quality-gifting-coffee-tea-massage-umbrella-custom,比較表後放辦公室與送禮兩組 CTA,不宣稱風味排名、獎項或即時價格。,先看沖泡條件與共用情境，再決定豆、濾掛或禮盒。,辦公室咖啡的選擇關鍵是沖泡門檻、保存方式與是否適合共享。,ready-to-brief
1,5,AEO/GEO 答案型文章,低壓恢復與身體支撐,wellness-movement,faq-hub,睡前環境怎麼整理：耳塞、枕頭、燈光與香氛的低壓順序,bedtime-environment-earplugs-pillow-light-scent-order,睡前環境整理,TP0003593;TP0001941;TP0007295,耳根清靜 - 耳塞/優質睡眠專賣店;BETENSH 床墊 | 官方旗艦店;燈后- LED居家/智能/照明/五金/居家生活用品,TP0002458;TP0009548;TP0009429,THANN官方直營;大檜仁心;au fait 無非｜手作香氛館,耳根清靜 - 耳塞/優質睡眠專賣店;BETENSH 床墊 | 官方旗艦店;燈后- LED居家/智能/照明/五金/居家生活用品;THANN官方直營;大檜仁心;au fait 無非｜手作香氛館,bedtime-home-ritual-earplugs-pillow-scent-light;home-stretch-corner-yoga-mat-light-scent,FAQ 前放低壓環境 CTA,不承諾改善失眠、降噪效果或心理療效。,先降低干擾，再補舒適物件；香氛只能放在清潔與通風之後。,睡前環境應先處理聲音、光線與枕寢支撐，再考慮香氛。,ready-to-brief
1,6,季節/情境文,居家儀式與收納升級,lifestyle-culture,seasonal-checklist,夏天前整理家的空氣路線：循環扇、小家電與照明怎麼配,summer-airflow-fan-small-appliance-lighting-system,夏季小家電,TP0006567;TP0005764;TP0007295,Airmate艾美特;生活創意家 Life Creative KINYO 家電;燈后- LED居家/智能/照明/五金/居家生活用品,TP0005935;TP0007694;TP0004799,心科技･生活家電館;SENGLI 質感家電 x 生活選物;Hysure海說官方旗艦店,Airmate艾美特;生活創意家 Life Creative KINYO 家電;燈后- LED居家/智能/照明/五金/居家生活用品;心科技･生活家電館;SENGLI 質感家電 x 生活選物;Hysure海說官方旗艦店,summer-airflow-fan-small-appliance-lighting;living-room-work-corner-lighting-scent-storage,以使用位置分區 CTA,不宣稱降溫、節電或健康效果。,先判斷風從哪裡進、熱停在哪裡，再決定電器與燈光。,夏季家電要和空氣動線、桌面位置與照明一起規劃。,ready-to-brief
1,7,高購買意圖導購文,輕戶外與旅行準備,outdoor-escapes,buying-priority-guide,一日輕旅行包裡放什麼：防曬、充電、耳塞、雨具與小包,day-trip-bag-sun-charging-earplug-rainwear-checklist,一日旅行準備,TP0007070;TP0009476;TP0003593,S′AIME東京企劃;Momax Taiwan 摩米士台灣品牌旗艦店;耳根清靜 - 耳塞/優質睡眠專賣店,TP0000116;TP0005684;TP0009277,UV100專業機能防曬服飾;FULTON 富爾頓皇家晴雨傘;UD LAB,S′AIME東京企劃;Momax Taiwan 摩米士台灣品牌旗艦店;耳根清靜 - 耳塞/優質睡眠專賣店;UV100專業機能防曬服飾;FULTON 富爾頓皇家晴雨傘;UD LAB,day-trip-bag-essentials-sun-charging-rainwear;travel-shoes-bag-lightweight-crossbody-rain-backup,清單中段放出門前 CTA,不宣稱商品適合所有天氣或航空/交通限制。,用拿取頻率決定包內位置，雨具與充電不要放在最深處。,一日旅行的採買順序是防曬與電力先行，再補睡眠與雨天備案。,ready-to-brief
1,8,品牌質感型雜誌文,居家儀式與收納升級,lifestyle-culture,buy-better-longer-guide,下班後的家要先安靜下來：香氛、燈光與收納的升級順序,after-work-home-scent-light-storage-upgrade-order,居家儀式,TP0002458;TP0007295;TP0005953,THANN官方直營;燈后- LED居家/智能/照明/五金/居家生活用品;完美主義 官方直營,TP0004627;TP0009429;TP0005162,灰調 生活家飾選品 香氛 精油 花器 燈飾;au fait 無非｜手作香氛館;蒔柒・療癒生活選品｜秘魯聖木香氛・居家淨化,THANN官方直營;燈后- LED居家/智能/照明/五金/居家生活用品;完美主義 官方直營;灰調 生活家飾選品 香氛 精油 花器 燈飾;au fait 無非｜手作香氛館;蒔柒・療癒生活選品｜秘魯聖木香氛・居家淨化,home-evening-scent-lighting-storage-ritual;living-room-work-corner-lighting-scent-storage,克制品牌連結，文末集中 CTA,不宣稱療癒、淨化或心理效果。,先收掉視覺噪音，再談光線與味道，家才會真正安靜。,下班後的居家升級應從收納與光線開始，香氛只負責最後一層情緒。,ready-to-brief
1,9,比較/選購順序文,AI 工作角落與創作者裝備,ai-innovation,comparison-guide,第二螢幕怎麼選：外接螢幕、筆電、支架與資料備份的工作配置,second-monitor-laptop-stand-backup-work-setup,第二螢幕工作配置,TP0005967;TP0002753;TP0007010,REAICE｜外接式螢幕、充電線材、3C周邊;華克電腦-高效筆電專賣平台、專業服務與精選方案;日本橋3C,TP0000858;TP0009476;TP0006238,聯威電腦;Momax Taiwan 摩米士台灣品牌旗艦店;EZstick 3C商品保護賣場,REAICE｜外接式螢幕、充電線材、3C周邊;華克電腦-高效筆電專賣平台、專業服務與精選方案;日本橋3C;聯威電腦;Momax Taiwan 摩米士台灣品牌旗艦店;EZstick 3C商品保護賣場,second-monitor-laptop-desk-setup-ai-workflow;ai-workflow-laptop-spec-warranty-monitor-backup,規格判斷表後放品牌 CTA,不捏造效能測試、保固或相容性。,先看工作視窗數量與攜帶需求，再談螢幕尺寸與筆電規格。,第二螢幕的價值在於工作動線，而不是單純追求大尺寸。,ready-to-brief
1,10,AEO/GEO 答案型文章,辦公室補給與質感送禮,lifestyle-culture,faq-hub,下午三點喝什麼：無糖茶、花草茶、氣泡飲與沖泡飲怎麼放辦公室,office-afternoon-drinks-tea-sparkling-pantry-guide,辦公室飲品,TP0005142;TP0008786;TP0000776,Teavoya - 嘉柏茶業;ACE TEA蒔宇茶;KKM 健康飲食 專賣-植物奶|果汁|穀物果乾,TP0009026;TP0001663;TP0008341,PV女性微甜草本飲｜Pistina Vioya;恩亞生活 enyalife;Zymoïde 天然酵素飲專賣,Teavoya - 嘉柏茶業;ACE TEA蒔宇茶;KKM 健康飲食 專賣-植物奶|果汁|穀物果乾;PV女性微甜草本飲｜Pistina Vioya;恩亞生活 enyalife;Zymoïde 天然酵素飲專賣,office-afternoon-tea-drink-pantry-guide;office-drinks-sparkling-plant-milk-tea-coffee,FAQ 後放飲品補貨 CTA,草本與酵素飲不得宣稱保健、代謝或療效。,把飲品分成日常、共享、送禮與加班四種情境。,辦公室飲品應以保存方式、糖度與共享便利性決定。,ready-to-brief
2,1,高購買意圖導購文,通勤穿搭與移動包款,casual-chic,buying-priority-guide,會議前後的整理包：髮品、補妝、香氛與小包怎麼放,meeting-grooming-hair-makeup-scent-small-bag-kit,會議整理包,TP0007070;TP0005448;TP0008424,S′AIME東京企劃;Apode 歐美專業髮品;GINGER MAKE UP｜魔法化妝箱,TP0000439;TP0002031;TP0009277,BAYBEYLA 貝貝拉-專業彩妝刷具店;MORINO摩力諾生活館|毛巾 浴巾 襪子 除臭襪 史努比;UD LAB,S′AIME東京企劃;Apode 歐美專業髮品;GINGER MAKE UP｜魔法化妝箱;BAYBEYLA 貝貝拉-專業彩妝刷具店;MORINO摩力諾生活館|毛巾 浴巾 襪子 除臭襪 史努比;UD LAB,meeting-grooming-kit-hair-makeup-scent-small-bag;home-nail-makeup-tools-beginner-storage,段落內小包與整理用品雙 CTA,不宣稱美妝或髮品效果，成分與使用限制回商品頁。,整理包的重點是會議前五分鐘能拿到，而不是把浴室搬進包裡。,會議整理包應控制品項，先補儀容摩擦點，再看香氛與外觀。,ready-to-brief
2,2,高購買意圖導購文,輕戶外與旅行準備,outdoor-escapes,comparison-guide,出國前先整理箱包系統：前開式行李箱、登機箱與收納袋,travel-luggage-front-open-carry-on-packing-system-2,行李箱收納,TP0002546;TP0005391;TP0000074,ENDUO恩多箱包;DW優選家官方直營店—行李箱;戶外趣,TP0009277;TP0005684;TP0007070,UD LAB;FULTON 富爾頓皇家晴雨傘;S′AIME東京企劃,ENDUO恩多箱包;DW優選家官方直營店—行李箱;戶外趣;UD LAB;FULTON 富爾頓皇家晴雨傘;S′AIME東京企劃,travel-luggage-front-open-carry-on-packing-system;elder-travel-vision-reading-sunglasses-luggage,表格分短途/長途/出差 CTA,航空尺寸與限制以官方公告為準。,用旅程天數決定箱體，用拿取頻率決定前開或分層。,行李箱系統要先看旅程與拿取頻率，再看外型與容量。,ready-to-brief
2,3,比較/選購順序文,居家儀式與收納升級,lifestyle-culture,buying-priority-guide,小宅收納不是買更多盒子：玄關、衣櫃、書桌與清潔工具配置,small-home-entry-closet-desk-cleaning-storage-order,小宅收納,TP0005953;TP0000922;TP0006338,完美主義 官方直營;真蓁嚴選清潔生活館-專賣平板拖把、掃把、掃除用品;壹品輕奢家居館,TP0002948;TP0007021;TP0004627,SUSS Living生活良品;Awayuki淡雪 日本製精品;灰調 生活家飾選品 香氛 精油 花器 燈飾,完美主義 官方直營;真蓁嚴選清潔生活館-專賣平板拖把、掃把、掃除用品;壹品輕奢家居館;SUSS Living生活良品;Awayuki淡雪 日本製精品;灰調 生活家飾選品 香氛 精油 花器 燈飾,small-home-entry-closet-desk-cleaning-storage;home-organization-cleaning-kitchen-storage-products,四區域商品 CTA,不宣稱承重、防潮或適合所有坪數。,先替物品安排停靠點，再買盒子；收納不是把東西藏起來。,小宅收納的核心是動線與使用頻率，不是容器數量。,ready-to-brief
2,4,高購買意圖導購文,低壓恢復與身體支撐,wellness-movement,problem-solution-guide,久坐工作日的腰背與膝蓋支撐：護具、坐墊、鞋包重量怎麼看,workday-knee-back-support-cushion-bag-weight-guide,久坐支撐用品,TP0003385;TP0006750;TP0002618,BELEX - 專業醫療護具品牌;Jasper 大來護具 Mo+ 官方商店 │護膝 護腰 護踝;Sports Support 健身裝備 護腕補劑腰帶,TP0008160;TP0009277;TP0005953,Cool Sport Support 巴酷運動;UD LAB;完美主義 官方直營,BELEX - 專業醫療護具品牌;Jasper 大來護具 Mo+ 官方商店 │護膝 護腰 護踝;Sports Support 健身裝備 護腕補劑腰帶;Cool Sport Support 巴酷運動;UD LAB;完美主義 官方直營,knee-back-support-brace-workday-guide;chair-cushion-home-office-products,風險提醒後放護具 CTA,不承諾矯正、治療、止痛或醫療效果。,先看疼痛是否需要專業協助，再看日常支撐物是否只是減少摩擦。,久坐支撐用品只能協助日常配置，不應取代專業診斷。,ready-to-brief
2,5,AEO/GEO 答案型文章,辦公室補給與質感送禮,wellness-movement,faq-hub,外食日的零食櫃：低醣點心、堅果、素食零嘴與沖泡飲怎麼放,office-snack-cabinet-low-sugar-nuts-vegetarian-drinks,低負擔零食櫃,TP0006455;TP0003486;TP0002822,D醣一刻;囍素堅果;本草養生From Nature,TP0008420;TP0000776;TP0009026,JAYSUWAN-健素旺;KKM 健康飲食 專賣-植物奶|果汁|穀物果乾;PV女性微甜草本飲｜Pistina Vioya,D醣一刻;囍素堅果;本草養生From Nature;JAYSUWAN-健素旺;KKM 健康飲食 專賣-植物奶|果汁|穀物果乾;PV女性微甜草本飲｜Pistina Vioya,light-snack-cabinet-low-sugar-nuts-vegetarian;office-home-snack-cabinet-nuts-tea-dessert,FAQ 後放零食櫃 CTA,不得宣稱控糖、減重、代謝或保健效果。,零食櫃不是自律象徵，而是替下午與加班預留可控選項。,低負擔零食櫃應看份量、保存與口味疲乏，而不是健康標語。,ready-to-brief
2,6,季節/情境文,通勤穿搭與移動包款,casual-chic,seasonal-checklist,春夏通勤防曬穿搭：防曬外套、抗風傘與輕量包怎麼不狼狽,spring-summer-commute-sun-umbrella-light-bag-outfit,春夏通勤防曬,TP0000116;TP0005684;TP0007070,UV100專業機能防曬服飾;FULTON 富爾頓皇家晴雨傘;S′AIME東京企劃,TP0001609;TP0005647;TP0009277,OMBRA 雨傘 雨衣 雨鞋 旗艦店;左都雨傘官方旗艦店;UD LAB,UV100專業機能防曬服飾;FULTON 富爾頓皇家晴雨傘;S′AIME東京企劃;OMBRA 雨傘 雨衣 雨鞋 旗艦店;左都雨傘官方旗艦店;UD LAB,spring-summer-commute-sun-protection-umbrella-light-bag;weekend-light-outdoor-city-sun-jacket-shorts-small-bag,穿搭情境中段放 CTA,不宣稱防曬效果或 UPF，規格需回商品頁。,防曬穿搭要能從捷運、機車到會議室銜接。,春夏通勤防曬要同時處理遮蔽、收納與正式感。,ready-to-brief
2,7,高購買意圖導購文,AI 工作角落與創作者裝備,ai-innovation,use-case-guide,不露臉內容也需要設備順序：支架、燈光、濾鏡與收音怎麼買,faceless-content-rig-light-filter-audio-buying-order,內容拍攝設備,TP0002918;TP0009335;TP0001204,GoRig行動攝錄影專賣;Haida 台灣總代理;DTAudio聆翔 官方旗艦店-你的耳機喇叭專門家,TP0007295;TP0005820;TP0009476,燈后- LED居家/智能/照明/五金/居家生活用品;SANSUI山水 官方旗艦店;Momax Taiwan 摩米士台灣品牌旗艦店,GoRig行動攝錄影專賣;Haida 台灣總代理;DTAudio聆翔 官方旗艦店-你的耳機喇叭專門家;燈后- LED居家/智能/照明/五金/居家生活用品;SANSUI山水 官方旗艦店;Momax Taiwan 摩米士台灣品牌旗艦店,faceless-content-phone-rig-filter-light-audio;mobile-photography-cpl-rig-outdoor-creator-kit,設備順序表後放 CTA,不假裝實測，不承諾畫質或收音改善。,先把固定、光線與聲音三件事穩住，再談濾鏡和風格。,內容拍攝設備應先解決穩定度、光線與聲音，再補風格配件。,ready-to-brief
2,8,品牌質感型雜誌文,辦公室補給與質感送禮,lifestyle-culture,gift-guide,質感送禮不必用力：咖啡、茶、按摩設備、雨傘與客製小物,quality-gifting-coffee-tea-massage-umbrella-custom-goods,質感送禮,TP0005142;TP0006348;TP0008485,Teavoya - 嘉柏茶業;LamiFans;輝葉良品 官方旗艦店,TP0009388;TP0005684;TP0009548,馬克老爹專賣好咖啡 MARK-ODS Co. LTD;FULTON 富爾頓皇家晴雨傘;大檜仁心,Teavoya - 嘉柏茶業;LamiFans;輝葉良品 官方旗艦店;馬克老爹專賣好咖啡 MARK-ODS Co. LTD;FULTON 富爾頓皇家晴雨傘;大檜仁心,quality-gifting-coffee-tea-massage-umbrella-custom;cold-brew-tea-gift-box-afternoon-guide,文末分對象 CTA,不承諾收禮反應、按摩或健康效果。,送禮先看對方生活節奏，不要只看價格或包裝。,質感送禮的關鍵是使用頻率與對方能否自然收下。,ready-to-brief
2,9,比較/選購順序文,居家儀式與收納升級,lifestyle-culture,comparison-guide,浴室與廚房清潔怎麼分工：水垢、油污、除味與工具收納,bathroom-kitchen-cleaning-scale-grease-odor-tool-storage,居家清潔用品,TP0003487;TP0007302;TP0003749,美利購清潔劑專賣店;Desire & Passion 天森無患;JINKO 淨科,TP0005724;TP0000922;TP0002031,【官方直營】淨淨Clean Clean;真蓁嚴選清潔生活館-專賣平板拖把、掃把、掃除用品;MORINO摩力諾生活館|毛巾 浴巾 襪子 除臭襪 史努比,美利購清潔劑專賣店;Desire & Passion 天森無患;JINKO 淨科;【官方直營】淨淨Clean Clean;真蓁嚴選清潔生活館-專賣平板拖把、掃把、掃除用品;MORINO摩力諾生活館|毛巾 浴巾 襪子 除臭襪 史努比,home-cleaning-products-bathroom-kitchen-odor-guide;sink-cleaning-tool-kitchen-products,分區比較表後放 CTA,不宣稱抗菌、除菌或安全無毒，除非商品頁支持。,先分污垢來源，再分清潔工具；香味不是清潔完成的證明。,清潔用品要按髒污來源分工，不能用一瓶解決全屋。,ready-to-brief
2,10,AEO/GEO 答案型文章,輕戶外與旅行準備,outdoor-escapes,faq-hub,新手登山先買什麼：排汗衣、雨衣褲、護膝與輕量收納順序,beginner-hiking-shirt-rainwear-knee-support-storage-order,登山新手裝備,TP0007424;TP0003385;TP0006750,Litume 意都美 露營 登山 戶外 旅遊用品;BELEX - 專業醫療護具品牌;Jasper 大來護具 Mo+ 官方商店 │護膝 護腰 護踝,TP0000976;TP0009177;TP0000034,北方狼(官方授權經銷商);ANPING 安平 - 戶外用品專賣;反光屋FKW,Litume 意都美 露營 登山 戶外 旅遊用品;BELEX - 專業醫療護具品牌;Jasper 大來護具 Mo+ 官方商店 │護膝 護腰 護踝;北方狼(官方授權經銷商);ANPING 安平 - 戶外用品專賣;反光屋FKW,beginner-hiking-gear-order-light-trail;taiwan-hiking-routes-and-style,FAQ 後放裝備 CTA,不宣稱安全保證或醫療防護。,先買能應對氣候與路線風險的東西，再買風格小物。,新手登山裝備要先處理天氣、支撐與收納，再談品牌完整度。,ready-to-brief
3,1,高購買意圖導購文,辦公室補給與質感送禮,lifestyle-culture,comparison-guide,居家餐桌先買鍋還是杯盤：鍋具、餐具與收納工具的順序,home-cooking-pan-tableware-storage-order,居家餐桌先買鍋還是杯盤,TP0001754;TP0000363;TP0005971,廚藝日本鍋具館;大正餐具批發零售;Home & Ceramics,TP0008921;TP0003333;TP0005142,鐵本舖台灣鐵鍋;暮朝食粹Muzhao | 創新食尚的伴手禮｜醬油 米餅 茶;Teavoya - 嘉柏茶業,廚藝日本鍋具館;大正餐具批發零售;Home & Ceramics;鐵本舖台灣鐵鍋;暮朝食粹Muzhao | 創新食尚的伴手禮｜醬油 米餅 茶;Teavoya - 嘉柏茶業,home-cooking-pan-tableware-storage,依文章情境配置 2-3 組 CTA,商品價格、規格、活動、庫存與限制均以商品頁公告為準；健康、寵物、照護、食品題不得承諾效果。,先建立使用順序與常見錯誤，再讓商品成為讀者下一步的工具。,居家餐桌先買鍋還是杯盤應先回到使用情境、頻率與限制，再比較品牌與商品。,ready-to-brief
3,2,比較/選購順序文,居家儀式與收納升級,lifestyle-culture,buying-priority-guide,租屋小家電不要一次買滿：廚房、桌面、清潔與季節電器,rental-small-appliance-kitchen-desk-cleaning-seasonal,租屋小家電不要一次買滿,TP0005764;TP0006567;TP0005935,生活創意家 Life Creative KINYO 家電;Airmate艾美特;心科技･生活家電館,TP0007295;TP0007694;TP0000922,燈后- LED居家/智能/照明/五金/居家生活用品;SENGLI 質感家電 x 生活選物;真蓁嚴選清潔生活館-專賣平板拖把、掃把、掃除用品,生活創意家 Life Creative KINYO 家電;Airmate艾美特;心科技･生活家電館;燈后- LED居家/智能/照明/五金/居家生活用品;SENGLI 質感家電 x 生活選物;真蓁嚴選清潔生活館-專賣平板拖把、掃把、掃除用品,rental-small-appliance-kitchen-desk-cleaning,依文章情境配置 2-3 組 CTA,商品價格、規格、活動、庫存與限制均以商品頁公告為準；健康、寵物、照護、食品題不得承諾效果。,先建立使用順序與常見錯誤，再讓商品成為讀者下一步的工具。,租屋小家電不要一次買滿應先回到使用情境、頻率與限制，再比較品牌與商品。,ready-to-brief
3,3,AEO/GEO 答案型文章,通勤穿搭與移動包款,casual-chic,buying-priority-guide,旅行鞋包配置：好走鞋、輕量包、貼身小包與雨天備案,travel-shoes-light-bag-crossbody-rain-backup-system,旅行鞋包配置,TP0009277;TP0007070;TP0003634,UD LAB;S′AIME東京企劃;95 SNEAKER,TP0005684;TP0004592;TP0003240,FULTON 富爾頓皇家晴雨傘;Heine海恩後背包;PPBOX 官方旗艦店 - 英國袋鼠 KANGOL,UD LAB;S′AIME東京企劃;95 SNEAKER;FULTON 富爾頓皇家晴雨傘;Heine海恩後背包;PPBOX 官方旗艦店 - 英國袋鼠 KANGOL,travel-shoes-light-bag-crossbody-rain-backup,依文章情境配置 2-3 組 CTA,商品價格、規格、活動、庫存與限制均以商品頁公告為準；健康、寵物、照護、食品題不得承諾效果。,先建立使用順序與常見錯誤，再讓商品成為讀者下一步的工具。,旅行鞋包配置應先回到使用情境、頻率與限制，再比較品牌與商品。,ready-to-brief
3,4,季節/情境文,居家儀式與收納升級,lifestyle-culture,use-case-guide,客廳與工作角落照明：吸頂燈、桌燈、香氛與收納怎麼搭,living-room-work-corner-lighting-scent-storage-system,客廳與工作角落照明,TP0007295;TP0004627;TP0007694,燈后- LED居家/智能/照明/五金/居家生活用品;灰調 生活家飾選品 香氛 精油 花器 燈飾;SENGLI 質感家電 x 生活選物,TP0004799;TP0009429;TP0005953,Hysure海說官方旗艦店;au fait 無非｜手作香氛館;完美主義 官方直營,燈后- LED居家/智能/照明/五金/居家生活用品;灰調 生活家飾選品 香氛 精油 花器 燈飾;SENGLI 質感家電 x 生活選物;Hysure海說官方旗艦店;au fait 無非｜手作香氛館;完美主義 官方直營,living-room-work-corner-lighting-scent-storage,依文章情境配置 2-3 組 CTA,商品價格、規格、活動、庫存與限制均以商品頁公告為準；健康、寵物、照護、食品題不得承諾效果。,先建立使用順序與常見錯誤，再讓商品成為讀者下一步的工具。,客廳與工作角落照明應先回到使用情境、頻率與限制，再比較品牌與商品。,ready-to-brief
3,5,品牌質感型雜誌文,AI 工作角落與創作者裝備,ai-innovation,comparison-guide,AI 工作流需要什麼筆電周邊：螢幕、線材、保護貼與備份,ai-workflow-laptop-monitor-cable-protection-backup,AI 工作流需要什麼筆電周邊,TP0002753;TP0005967;TP0006238,華克電腦-高效筆電專賣平台、專業服務與精選方案;REAICE｜外接式螢幕、充電線材、3C周邊;EZstick 3C商品保護賣場,TP0007010;TP0000858;TP0009476,日本橋3C;聯威電腦;Momax Taiwan 摩米士台灣品牌旗艦店,華克電腦-高效筆電專賣平台、專業服務與精選方案;REAICE｜外接式螢幕、充電線材、3C周邊;EZstick 3C商品保護賣場;日本橋3C;聯威電腦;Momax Taiwan 摩米士台灣品牌旗艦店,ai-workflow-laptop-monitor-cable-protection,依文章情境配置 2-3 組 CTA,商品價格、規格、活動、庫存與限制均以商品頁公告為準；健康、寵物、照護、食品題不得承諾效果。,先建立使用順序與常見錯誤，再讓商品成為讀者下一步的工具。,AI 工作流需要什麼筆電周邊應先回到使用情境、頻率與限制，再比較品牌與商品。,ready-to-brief
3,6,高購買意圖導購文,低壓恢復與身體支撐,wellness-movement,buying-priority-guide,給家人的居家舒壓設備：按摩椅、按摩槍、護具與照護用品,home-comfort-massage-device-brace-care-supplies-order,給家人的居家舒壓設備,TP0008485;TP0005698;TP0009161,輝葉良品 官方旗艦店;一然健康;安里嚴選-台灣本土品牌，用心經營健康按摩產業,TP0003385;TP0006750;TP0003894,BELEX - 專業醫療護具品牌;Jasper 大來護具 Mo+ 官方商店 │護膝 護腰 護踝;COZZY嚴選-品牌官方旗艦店-園藝/按摩用品/質感選物,輝葉良品 官方旗艦店;一然健康;安里嚴選-台灣本土品牌，用心經營健康按摩產業;BELEX - 專業醫療護具品牌;Jasper 大來護具 Mo+ 官方商店 │護膝 護腰 護踝;COZZY嚴選-品牌官方旗艦店-園藝/按摩用品/質感選物,home-comfort-massage-device-brace-care-supplies,依文章情境配置 2-3 組 CTA,商品價格、規格、活動、庫存與限制均以商品頁公告為準；健康、寵物、照護、食品題不得承諾效果。,先建立使用順序與常見錯誤，再讓商品成為讀者下一步的工具。,給家人的居家舒壓設備應先回到使用情境、頻率與限制，再比較品牌與商品。,ready-to-brief
3,7,比較/選購順序文,辦公室補給與質感送禮,wellness-movement,seasonal-checklist,冷凍庫備餐清單：舒肥雞胸、地瓜、冷凍蔬菜與料理包,freezer-meal-prep-chicken-sweet-potato-vegetables-pack,冷凍庫備餐清單,TP0005993;TP0002665;TP0001851,田食原-冰烤地瓜 舒肥雞胸肉 冷凍蔬菜 自產自銷 冷凍食品;小嚼士冷凍食品 | 極品生鮮食材;老饕廚房│低溫烹調舒肥料理專門店,TP0001794;TP0000776;TP0002736,呷什麵 SHIA SHEN MIAN 官方直營商城;KKM 健康飲食 專賣-植物奶|果汁|穀物果乾;GUMi低碳,田食原-冰烤地瓜 舒肥雞胸肉 冷凍蔬菜 自產自銷 冷凍食品;小嚼士冷凍食品 | 極品生鮮食材;老饕廚房│低溫烹調舒肥料理專門店;呷什麵 SHIA SHEN MIAN 官方直營商城;KKM 健康飲食 專賣-植物奶|果汁|穀物果乾;GUMi低碳,freezer-meal-prep-chicken-sweet-potato-vegetables,依文章情境配置 2-3 組 CTA,商品價格、規格、活動、庫存與限制均以商品頁公告為準；健康、寵物、照護、食品題不得承諾效果。,先建立使用順序與常見錯誤，再讓商品成為讀者下一步的工具。,冷凍庫備餐清單應先回到使用情境、頻率與限制，再比較品牌與商品。,ready-to-brief
3,8,AEO/GEO 答案型文章,居家儀式與收納升級,lifestyle-culture,problem-solution-guide,寵物友善居家清潔：除味、地板、洗衣與收納用品怎麼看,pet-friendly-home-cleaning-floor-laundry-storage-order,寵物友善居家清潔,TP0008976;TP0009640;TP0005724,艾寵聯萌｜犬貓美容 寵物保健 驅蟲潔牙 除臭噴霧 毛孩護理;酷狗地板;【官方直營】淨淨Clean Clean,TP0003749;TP0007478;TP0000922,JINKO 淨科;寵物王國 PetKingdom;真蓁嚴選清潔生活館-專賣平板拖把、掃把、掃除用品,艾寵聯萌｜犬貓美容 寵物保健 驅蟲潔牙 除臭噴霧 毛孩護理;酷狗地板;【官方直營】淨淨Clean Clean;JINKO 淨科;寵物王國 PetKingdom;真蓁嚴選清潔生活館-專賣平板拖把、掃把、掃除用品,pet-friendly-home-cleaning-floor-laundry-storage,依文章情境配置 2-3 組 CTA,商品價格、規格、活動、庫存與限制均以商品頁公告為準；健康、寵物、照護、食品題不得承諾效果。,先建立使用順序與常見錯誤，再讓商品成為讀者下一步的工具。,寵物友善居家清潔應先回到使用情境、頻率與限制，再比較品牌與商品。,ready-to-brief
3,9,季節/情境文,輕戶外與旅行準備,outdoor-escapes,buy-better-longer-guide,日系露營風格入門：桌椅、爐具、杯具與收納小物順序,japanese-camping-style-table-stove-cup-storage-order,日系露營風格入門,TP0007737;TP0006752;TP0003074,Snow Peak Taiwan 官方旗艦館;campingflying 想露飛飛;江大露營裝備,TP0009177;TP0009528;TP0007424,ANPING 安平 - 戶外用品專賣;未來戶外城市;Litume 意都美 露營 登山 戶外 旅遊用品,Snow Peak Taiwan 官方旗艦館;campingflying 想露飛飛;江大露營裝備;ANPING 安平 - 戶外用品專賣;未來戶外城市;Litume 意都美 露營 登山 戶外 旅遊用品,japanese-camping-style-table-stove-cup-storage,依文章情境配置 2-3 組 CTA,商品價格、規格、活動、庫存與限制均以商品頁公告為準；健康、寵物、照護、食品題不得承諾效果。,先建立使用順序與常見錯誤，再讓商品成為讀者下一步的工具。,日系露營風格入門應先回到使用情境、頻率與限制，再比較品牌與商品。,ready-to-brief
3,10,品牌質感型雜誌文,通勤穿搭與移動包款,lifestyle-culture,buying-priority-guide,日常保養別堆太多：精華、面膜、身體保養與防曬怎麼排,daily-skincare-essence-mask-body-sunscreen-order-2,日常保養別堆太多,TP0008453;TP0001343;TP0002583,Cell Secret 細胞泌密;AYSWE 愛蕊友肌;唯詩生醫｜醫美診所指定品牌、保養品， 符合FDA國際規範,TP0008148;TP0002458;TP0005312,雪亞緹 Sheer Arctic 純淨美妝 無毒保養;THANN官方直營;醫美保養品牌-Bioyona,Cell Secret 細胞泌密;AYSWE 愛蕊友肌;唯詩生醫｜醫美診所指定品牌、保養品， 符合FDA國際規範;雪亞緹 Sheer Arctic 純淨美妝 無毒保養;THANN官方直營;醫美保養品牌-Bioyona,daily-skincare-essence-mask-body-sunscreen-order,依文章情境配置 2-3 組 CTA,商品價格、規格、活動、庫存與限制均以商品頁公告為準；健康、寵物、照護、食品題不得承諾效果。,先建立使用順序與常見錯誤，再讓商品成為讀者下一步的工具。,日常保養別堆太多應先回到使用情境、頻率與限制，再比較品牌與商品。,ready-to-brief
4,1,高購買意圖導購文,通勤穿搭與移動包款,lifestyle-culture,comparison-guide,頭皮與髮品整理：洗髮、染護、造型與按摩梳的選擇,scalp-haircare-shampoo-color-styling-brush-choice,頭皮與髮品整理,TP0005448;TP0008576;TP0004518,Apode 歐美專業髮品;CLOEE 品牌旗艦店;卡雅仕KYOGOKU｜日本原廠直營店,TP0004416;TP0005820;TP0008424,MPB巴黎小姐 官方旗艦店 熱蠟除毛  補色洗髮精;SANSUI山水 官方旗艦店;GINGER MAKE UP｜魔法化妝箱,Apode 歐美專業髮品;CLOEE 品牌旗艦店;卡雅仕KYOGOKU｜日本原廠直營店;MPB巴黎小姐 官方旗艦店 熱蠟除毛  補色洗髮精;SANSUI山水 官方旗艦店;GINGER MAKE UP｜魔法化妝箱,scalp-haircare-shampoo-color-styling-brush,依文章情境配置 2-3 組 CTA,商品價格、規格、活動、庫存與限制均以商品頁公告為準；健康、寵物、照護、食品題不得承諾效果。,先建立使用順序與常見錯誤，再讓商品成為讀者下一步的工具。,頭皮與髮品整理應先回到使用情境、頻率與限制，再比較品牌與商品。,ready-to-brief
4,2,比較/選購順序文,低壓恢復與身體支撐,wellness-movement,use-case-guide,居家伸展角落：瑜珈墊、輔具、燈光與香氛的低壓配置,home-stretch-yoga-mat-props-light-scent-corner,居家伸展角落,TP0009115;TP0007295;TP0002458,Juan瑜珈;燈后- LED居家/智能/照明/五金/居家生活用品;THANN官方直營,TP0005953;TP0004627;TP0009429,完美主義 官方直營;灰調 生活家飾選品 香氛 精油 花器 燈飾;au fait 無非｜手作香氛館,Juan瑜珈;燈后- LED居家/智能/照明/五金/居家生活用品;THANN官方直營;完美主義 官方直營;灰調 生活家飾選品 香氛 精油 花器 燈飾;au fait 無非｜手作香氛館,home-stretch-yoga-mat-props-light-scent,依文章情境配置 2-3 組 CTA,商品價格、規格、活動、庫存與限制均以商品頁公告為準；健康、寵物、照護、食品題不得承諾效果。,先建立使用順序與常見錯誤，再讓商品成為讀者下一步的工具。,居家伸展角落應先回到使用情境、頻率與限制，再比較品牌與商品。,ready-to-brief
4,3,AEO/GEO 答案型文章,通勤穿搭與移動包款,casual-chic,seasonal-checklist,週末輕戶外穿搭：城市感、防曬外套、短褲與小包怎麼搭,weekend-city-outdoor-sun-jacket-shorts-small-bag,週末輕戶外穿搭,TP0007424;TP0000116;TP0009277,Litume 意都美 露營 登山 戶外 旅遊用品;UV100專業機能防曬服飾;UD LAB,TP0002198;TP0003240;TP0003634,Be yourself官方;PPBOX 官方旗艦店 - 英國袋鼠 KANGOL;95 SNEAKER,Litume 意都美 露營 登山 戶外 旅遊用品;UV100專業機能防曬服飾;UD LAB;Be yourself官方;PPBOX 官方旗艦店 - 英國袋鼠 KANGOL;95 SNEAKER,weekend-city-outdoor-sun-jacket-shorts-small,依文章情境配置 2-3 組 CTA,商品價格、規格、活動、庫存與限制均以商品頁公告為準；健康、寵物、照護、食品題不得承諾效果。,先建立使用順序與常見錯誤，再讓商品成為讀者下一步的工具。,週末輕戶外穿搭應先回到使用情境、頻率與限制，再比較品牌與商品。,ready-to-brief
4,4,季節/情境文,居家儀式與收納升級,lifestyle-culture,buying-priority-guide,貓咪生活採買順序：貓砂、玩具、食品與清潔用品,cat-living-litter-toys-food-cleaning-order,貓咪生活採買順序,TP0000547;TP0000351;TP0008435,愛貓聯盟;愛貓聯萌;尾巴丘毛孩選物,TP0003220;TP0007761;TP0005724,Mommywant×全方位母嬰寵物用品;有喵病;【官方直營】淨淨Clean Clean,愛貓聯盟;愛貓聯萌;尾巴丘毛孩選物;Mommywant×全方位母嬰寵物用品;有喵病;【官方直營】淨淨Clean Clean,cat-living-litter-toys-food-cleaning,依文章情境配置 2-3 組 CTA,商品價格、規格、活動、庫存與限制均以商品頁公告為準；健康、寵物、照護、食品題不得承諾效果。,先建立使用順序與常見錯誤，再讓商品成為讀者下一步的工具。,貓咪生活採買順序應先回到使用情境、頻率與限制，再比較品牌與商品。,ready-to-brief
4,5,品牌質感型雜誌文,輕戶外與旅行準備,lifestyle-culture,use-case-guide,親子外出小物：餐具、口腔清潔、孕產穿搭與外出包,parent-child-outing-tableware-oral-care-maternity-bag-kit,親子外出小物,TP0002712;TP0002971;TP0006972,2angels質感矽膠嬰幼餐具;牙齒寶寶TeethBaby專業口腔;Babyshare時尚孕婦裝,TP0000587;TP0000319;TP0007070,MiffyBaby婦幼用品;寶寶共和國Babyrepublic;S′AIME東京企劃,2angels質感矽膠嬰幼餐具;牙齒寶寶TeethBaby專業口腔;Babyshare時尚孕婦裝;MiffyBaby婦幼用品;寶寶共和國Babyrepublic;S′AIME東京企劃,parent-child-outing-tableware-oral-care-maternity-bag,依文章情境配置 2-3 組 CTA,商品價格、規格、活動、庫存與限制均以商品頁公告為準；健康、寵物、照護、食品題不得承諾效果。,先建立使用順序與常見錯誤，再讓商品成為讀者下一步的工具。,親子外出小物應先回到使用情境、頻率與限制，再比較品牌與商品。,ready-to-brief
4,6,高購買意圖導購文,辦公室補給與質感送禮,lifestyle-culture,comparison-guide,辦公室飲品櫃：植物奶、茶包、咖啡與氣泡飲怎麼搭,office-drink-cabinet-plant-milk-tea-coffee-sparkling,辦公室飲品櫃,TP0000776;TP0005142;TP0006151,KKM 健康飲食 專賣-植物奶|果汁|穀物果乾;Teavoya - 嘉柏茶業;Xinto Coffee 世界雙金咖啡烘豆廠 鑫圖咖啡,TP0009026;TP0001663;TP0008341,PV女性微甜草本飲｜Pistina Vioya;恩亞生活 enyalife;Zymoïde 天然酵素飲專賣,KKM 健康飲食 專賣-植物奶|果汁|穀物果乾;Teavoya - 嘉柏茶業;Xinto Coffee 世界雙金咖啡烘豆廠 鑫圖咖啡;PV女性微甜草本飲｜Pistina Vioya;恩亞生活 enyalife;Zymoïde 天然酵素飲專賣,office-drink-cabinet-plant-milk-tea-coffee,依文章情境配置 2-3 組 CTA,商品價格、規格、活動、庫存與限制均以商品頁公告為準；健康、寵物、照護、食品題不得承諾效果。,先建立使用順序與常見錯誤，再讓商品成為讀者下一步的工具。,辦公室飲品櫃應先回到使用情境、頻率與限制，再比較品牌與商品。,ready-to-brief
4,7,比較/選購順序文,輕戶外與旅行準備,outdoor-escapes,seasonal-checklist,自駕與機車移動備案：行車紀錄、反光配件、雨具與充電,road-scooter-dashcam-reflective-rain-charging-kit,自駕與機車移動備案,TP0001272;TP0000034;TP0001609,安鈦科技行車記錄器 HP惠普 響尾蛇 聲寶 總代理;反光屋FKW;OMBRA 雨傘 雨衣 雨鞋 旗艦店,TP0005110;TP0009476;TP0005684,LFM機車精品網路旗艦店;Momax Taiwan 摩米士台灣品牌旗艦店;FULTON 富爾頓皇家晴雨傘,安鈦科技行車記錄器 HP惠普 響尾蛇 聲寶 總代理;反光屋FKW;OMBRA 雨傘 雨衣 雨鞋 旗艦店;LFM機車精品網路旗艦店;Momax Taiwan 摩米士台灣品牌旗艦店;FULTON 富爾頓皇家晴雨傘,road-scooter-dashcam-reflective-rain-charging,依文章情境配置 2-3 組 CTA,商品價格、規格、活動、庫存與限制均以商品頁公告為準；健康、寵物、照護、食品題不得承諾效果。,先建立使用順序與常見錯誤，再讓商品成為讀者下一步的工具。,自駕與機車移動備案應先回到使用情境、頻率與限制，再比較品牌與商品。,ready-to-brief
4,8,AEO/GEO 答案型文章,辦公室補給與質感送禮,lifestyle-culture,gift-guide,家庭禮物與益智玩具：積木、桌遊、拼圖與書店選物,family-gift-blocks-board-games-puzzles-books,家庭禮物與益智玩具,TP0002179;TP0002275;TP0003052,888便利購 兒童玩具專賣店;磚星球樂高專賣店;WA-GU-MI,TP0002688;TP0000319;TP0002948,墊腳石書店;寶寶共和國Babyrepublic;SUSS Living生活良品,888便利購 兒童玩具專賣店;磚星球樂高專賣店;WA-GU-MI;墊腳石書店;寶寶共和國Babyrepublic;SUSS Living生活良品,family-gift-blocks-board-games-puzzles,依文章情境配置 2-3 組 CTA,商品價格、規格、活動、庫存與限制均以商品頁公告為準；健康、寵物、照護、食品題不得承諾效果。,先建立使用順序與常見錯誤，再讓商品成為讀者下一步的工具。,家庭禮物與益智玩具應先回到使用情境、頻率與限制，再比較品牌與商品。,ready-to-brief
4,9,季節/情境文,通勤穿搭與移動包款,casual-chic,faq-hub,防曬與雨具收納：玄關、通勤包與車廂裡各放什麼,sun-rain-gear-entryway-commute-bag-scooter-storage,防曬與雨具收納,TP0000116;TP0005684;TP0001609,UV100專業機能防曬服飾;FULTON 富爾頓皇家晴雨傘;OMBRA 雨傘 雨衣 雨鞋 旗艦店,TP0005647;TP0005110;TP0009277,左都雨傘官方旗艦店;LFM機車精品網路旗艦店;UD LAB,UV100專業機能防曬服飾;FULTON 富爾頓皇家晴雨傘;OMBRA 雨傘 雨衣 雨鞋 旗艦店;左都雨傘官方旗艦店;LFM機車精品網路旗艦店;UD LAB,sun-rain-gear-entryway-commute-bag-scooter,依文章情境配置 2-3 組 CTA,商品價格、規格、活動、庫存與限制均以商品頁公告為準；健康、寵物、照護、食品題不得承諾效果。,先建立使用順序與常見錯誤，再讓商品成為讀者下一步的工具。,防曬與雨具收納應先回到使用情境、頻率與限制，再比較品牌與商品。,ready-to-brief
4,10,品牌質感型雜誌文,辦公室補給與質感送禮,lifestyle-culture,gift-guide,冷泡茶與茶禮盒：日常飲用、送禮與下午茶的不同判斷,cold-brew-tea-gift-box-afternoon-decision,冷泡茶與茶禮盒,TP0005142;TP0007428;TP0008786,Teavoya - 嘉柏茶業;嘉嶼 CATTEA®;ACE TEA蒔宇茶,TP0003333;TP0001441;TP0006348,暮朝食粹Muzhao | 創新食尚的伴手禮｜醬油 米餅 茶;台酒旗艦店;LamiFans,Teavoya - 嘉柏茶業;嘉嶼 CATTEA®;ACE TEA蒔宇茶;暮朝食粹Muzhao | 創新食尚的伴手禮｜醬油 米餅 茶;台酒旗艦店;LamiFans,cold-brew-tea-gift-box-afternoon,依文章情境配置 2-3 組 CTA,商品價格、規格、活動、庫存與限制均以商品頁公告為準；健康、寵物、照護、食品題不得承諾效果。,先建立使用順序與常見錯誤，再讓商品成為讀者下一步的工具。,冷泡茶與茶禮盒應先回到使用情境、頻率與限制，再比較品牌與商品。,ready-to-brief
5,1,高購買意圖導購文,AI 工作角落與創作者裝備,ai-innovation,use-case-guide,遠距工作包清單：充電、耳機、簡報線材與移動收納,remote-work-bag-charging-audio-presentation-storage,遠距工作包清單,TP0009476;TP0001204;TP0005967,Momax Taiwan 摩米士台灣品牌旗艦店;DTAudio聆翔 官方旗艦店-你的耳機喇叭專門家;REAICE｜外接式螢幕、充電線材、3C周邊,TP0006348;TP0002753;TP0009277,LamiFans;華克電腦-高效筆電專賣平台、專業服務與精選方案;UD LAB,Momax Taiwan 摩米士台灣品牌旗艦店;DTAudio聆翔 官方旗艦店-你的耳機喇叭專門家;REAICE｜外接式螢幕、充電線材、3C周邊;LamiFans;華克電腦-高效筆電專賣平台、專業服務與精選方案;UD LAB,remote-work-bag-charging-audio-presentation,依文章情境配置 2-3 組 CTA,商品價格、規格、活動、庫存與限制均以商品頁公告為準；健康、寵物、照護、食品題不得承諾效果。,先建立使用順序與常見錯誤，再讓商品成為讀者下一步的工具。,遠距工作包清單應先回到使用情境、頻率與限制，再比較品牌與商品。,ready-to-brief
5,2,比較/選購順序文,AI 工作角落與創作者裝備,ai-innovation,buying-priority-guide,桌面線材怎麼整理：充電器、螢幕線、保護貼與備份小物,desk-cable-charger-monitor-protection-backup-organizer,桌面線材怎麼整理,TP0009476;TP0005967;TP0006238,Momax Taiwan 摩米士台灣品牌旗艦店;REAICE｜外接式螢幕、充電線材、3C周邊;EZstick 3C商品保護賣場,TP0000669;TP0007239;TP0007010,手些小子3C 專營Apple蘋果周邊配件;muni 3C手機平板週邊配件專賣店;日本橋3C,Momax Taiwan 摩米士台灣品牌旗艦店;REAICE｜外接式螢幕、充電線材、3C周邊;EZstick 3C商品保護賣場;手些小子3C 專營Apple蘋果周邊配件;muni 3C手機平板週邊配件專賣店;日本橋3C,desk-cable-charger-monitor-protection-backup,依文章情境配置 2-3 組 CTA,商品價格、規格、活動、庫存與限制均以商品頁公告為準；健康、寵物、照護、食品題不得承諾效果。,先建立使用順序與常見錯誤，再讓商品成為讀者下一步的工具。,桌面線材怎麼整理應先回到使用情境、頻率與限制，再比較品牌與商品。,ready-to-brief
5,3,AEO/GEO 答案型文章,低壓恢復與身體支撐,wellness-movement,seasonal-checklist,夏季低負擔日常：防曬、降噪睡眠、飲品與輕食補給,summer-low-pressure-sun-sleep-drink-light-food,夏季低負擔日常,TP0000116;TP0003593;TP0009026,UV100專業機能防曬服飾;耳根清靜 - 耳塞/優質睡眠專賣店;PV女性微甜草本飲｜Pistina Vioya,TP0000776;TP0002736;TP0008341,KKM 健康飲食 專賣-植物奶|果汁|穀物果乾;GUMi低碳;Zymoïde 天然酵素飲專賣,UV100專業機能防曬服飾;耳根清靜 - 耳塞/優質睡眠專賣店;PV女性微甜草本飲｜Pistina Vioya;KKM 健康飲食 專賣-植物奶|果汁|穀物果乾;GUMi低碳;Zymoïde 天然酵素飲專賣,summer-low-pressure-sun-sleep-drink-light,依文章情境配置 2-3 組 CTA,商品價格、規格、活動、庫存與限制均以商品頁公告為準；健康、寵物、照護、食品題不得承諾效果。,先建立使用順序與常見錯誤，再讓商品成為讀者下一步的工具。,夏季低負擔日常應先回到使用情境、頻率與限制，再比較品牌與商品。,ready-to-brief
5,4,季節/情境文,低壓恢復與身體支撐,wellness-movement,problem-solution-guide,居家照護動線：沐浴、移位、收納與安全提醒怎麼看,home-care-bathing-transfer-storage-safety-flow,居家照護動線,TP0008844;TP0005698;TP0004949,TWyzy新世代(充氣)沐浴床包;一然健康;EVERPOLL 愛科濾淨實業股份有限公司 官方直營,TP0009161;TP0003894;TP0005953,安里嚴選-台灣本土品牌，用心經營健康按摩產業;COZZY嚴選-品牌官方旗艦店-園藝/按摩用品/質感選物;完美主義 官方直營,TWyzy新世代(充氣)沐浴床包;一然健康;EVERPOLL 愛科濾淨實業股份有限公司 官方直營;安里嚴選-台灣本土品牌，用心經營健康按摩產業;COZZY嚴選-品牌官方旗艦店-園藝/按摩用品/質感選物;完美主義 官方直營,home-care-bathing-transfer-storage-safety,依文章情境配置 2-3 組 CTA,商品價格、規格、活動、庫存與限制均以商品頁公告為準；健康、寵物、照護、食品題不得承諾效果。,先建立使用順序與常見錯誤，再讓商品成為讀者下一步的工具。,居家照護動線應先回到使用情境、頻率與限制，再比較品牌與商品。,ready-to-brief
5,5,品牌質感型雜誌文,居家儀式與收納升級,lifestyle-culture,gift-guide,香氛與身體保養送禮：精油、蠟燭、毛巾與生活小物,scent-bodycare-gift-essential-oil-towel-goods,香氛與身體保養送禮,TP0002458;TP0009429;TP0002031,THANN官方直營;au fait 無非｜手作香氛館;MORINO摩力諾生活館|毛巾 浴巾 襪子 除臭襪 史努比,TP0009548;TP0005162;TP0007021,大檜仁心;蒔柒・療癒生活選品｜秘魯聖木香氛・居家淨化;Awayuki淡雪 日本製精品,THANN官方直營;au fait 無非｜手作香氛館;MORINO摩力諾生活館|毛巾 浴巾 襪子 除臭襪 史努比;大檜仁心;蒔柒・療癒生活選品｜秘魯聖木香氛・居家淨化;Awayuki淡雪 日本製精品,scent-bodycare-gift-essential-oil-towel,依文章情境配置 2-3 組 CTA,商品價格、規格、活動、庫存與限制均以商品頁公告為準；健康、寵物、照護、食品題不得承諾效果。,先建立使用順序與常見錯誤，再讓商品成為讀者下一步的工具。,香氛與身體保養送禮應先回到使用情境、頻率與限制，再比較品牌與商品。,ready-to-brief
5,6,高購買意圖導購文,通勤穿搭與移動包款,casual-chic,buying-priority-guide,居家美甲與彩妝工具：新手材料、刷具與收納怎麼買,home-nail-makeup-tools-brush-storage-beginner,居家美甲與彩妝工具,TP0005240;TP0008424;TP0000439,女王美學美甲材料旗艦店 - DIY美甲新手友善店 免費教學;GINGER MAKE UP｜魔法化妝箱;BAYBEYLA 貝貝拉-專業彩妝刷具店,TP0000144;TP0007932;TP0003337,ART64銀飾設計訂製;玖伍Jiuwu jewelry·原創設計飾品;Mister手作皮件專門店,女王美學美甲材料旗艦店 - DIY美甲新手友善店 免費教學;GINGER MAKE UP｜魔法化妝箱;BAYBEYLA 貝貝拉-專業彩妝刷具店;ART64銀飾設計訂製;玖伍Jiuwu jewelry·原創設計飾品;Mister手作皮件專門店,home-nail-makeup-tools-brush-storage,依文章情境配置 2-3 組 CTA,商品價格、規格、活動、庫存與限制均以商品頁公告為準；健康、寵物、照護、食品題不得承諾效果。,先建立使用順序與常見錯誤，再讓商品成為讀者下一步的工具。,居家美甲與彩妝工具應先回到使用情境、頻率與限制，再比較品牌與商品。,ready-to-brief
5,7,比較/選購順序文,通勤穿搭與移動包款,casual-chic,gift-guide,飾品與皮件送禮：銀飾、戒指、皮夾與日常小包,jewelry-leather-gift-ring-wallet-small-bag,飾品與皮件送禮,TP0000144;TP0007932;TP0003337,ART64銀飾設計訂製;玖伍Jiuwu jewelry·原創設計飾品;Mister手作皮件專門店,TP0007070;TP0003240;TP0006348,S′AIME東京企劃;PPBOX 官方旗艦店 - 英國袋鼠 KANGOL;LamiFans,ART64銀飾設計訂製;玖伍Jiuwu jewelry·原創設計飾品;Mister手作皮件專門店;S′AIME東京企劃;PPBOX 官方旗艦店 - 英國袋鼠 KANGOL;LamiFans,jewelry-leather-gift-ring-wallet-small,依文章情境配置 2-3 組 CTA,商品價格、規格、活動、庫存與限制均以商品頁公告為準；健康、寵物、照護、食品題不得承諾效果。,先建立使用順序與常見錯誤，再讓商品成為讀者下一步的工具。,飾品與皮件送禮應先回到使用情境、頻率與限制，再比較品牌與商品。,ready-to-brief
5,8,AEO/GEO 答案型文章,通勤穿搭與移動包款,casual-chic,buying-priority-guide,男士通勤衣櫥：襯衫、長褲、外套與鞋包怎麼排,mens-commute-shirt-trousers-jacket-shoes-wardrobe,男士通勤衣櫥,TP0003817;TP0003665;TP0003634,GIBBON男裝 官方旗艦店;NARMES （主營大尺碼服裝 大尺碼長褲 上衣等）;95 SNEAKER,TP0003240;TP0009277;TP0005684,PPBOX 官方旗艦店 - 英國袋鼠 KANGOL;UD LAB;FULTON 富爾頓皇家晴雨傘,GIBBON男裝 官方旗艦店;NARMES （主營大尺碼服裝 大尺碼長褲 上衣等）;95 SNEAKER;PPBOX 官方旗艦店 - 英國袋鼠 KANGOL;UD LAB;FULTON 富爾頓皇家晴雨傘,mens-commute-shirt-trousers-jacket-shoes,依文章情境配置 2-3 組 CTA,商品價格、規格、活動、庫存與限制均以商品頁公告為準；健康、寵物、照護、食品題不得承諾效果。,先建立使用順序與常見錯誤，再讓商品成為讀者下一步的工具。,男士通勤衣櫥應先回到使用情境、頻率與限制，再比較品牌與商品。,ready-to-brief
5,9,季節/情境文,通勤穿搭與移動包款,casual-chic,comparison-guide,大尺碼工作與旅行穿搭：比例、舒適度、外套與包款,plus-size-work-travel-outfit-jacket-bag-order,大尺碼工作與旅行穿搭,TP0000405;TP0000116;TP0008908,B+大尺碼專家;UV100專業機能防曬服飾;VENUSY｜漢南小姐・正韓服飾,TP0002198;TP0007070;TP0009277,Be yourself官方;S′AIME東京企劃;UD LAB,B+大尺碼專家;UV100專業機能防曬服飾;VENUSY｜漢南小姐・正韓服飾;Be yourself官方;S′AIME東京企劃;UD LAB,plus-size-work-travel-outfit-jacket-bag,依文章情境配置 2-3 組 CTA,商品價格、規格、活動、庫存與限制均以商品頁公告為準；健康、寵物、照護、食品題不得承諾效果。,先建立使用順序與常見錯誤，再讓商品成為讀者下一步的工具。,大尺碼工作與旅行穿搭應先回到使用情境、頻率與限制，再比較品牌與商品。,ready-to-brief
5,10,品牌質感型雜誌文,輕戶外與旅行準備,outdoor-escapes,buying-priority-guide,露營咖啡與戶外餐食：手沖、濾掛、鍋具與冷凍食材,camping-coffee-outdoor-meal-prep-cookware-food,露營咖啡與戶外餐食,TP0009303;TP0006151;TP0005993,BINCOO官方旗艦店;Xinto Coffee 世界雙金咖啡烘豆廠 鑫圖咖啡;田食原-冰烤地瓜 舒肥雞胸肉 冷凍蔬菜 自產自銷 冷凍食品,TP0009388;TP0006698;TP0001794,馬克老爹專賣好咖啡 MARK-ODS Co. LTD;LEOBUNA 里昂布納精品咖啡;呷什麵 SHIA SHEN MIAN 官方直營商城,BINCOO官方旗艦店;Xinto Coffee 世界雙金咖啡烘豆廠 鑫圖咖啡;田食原-冰烤地瓜 舒肥雞胸肉 冷凍蔬菜 自產自銷 冷凍食品;馬克老爹專賣好咖啡 MARK-ODS Co. LTD;LEOBUNA 里昂布納精品咖啡;呷什麵 SHIA SHEN MIAN 官方直營商城,camping-coffee-outdoor-meal-prep-cookware,依文章情境配置 2-3 組 CTA,商品價格、規格、活動、庫存與限制均以商品頁公告為準；健康、寵物、照護、食品題不得承諾效果。,先建立使用順序與常見錯誤，再讓商品成為讀者下一步的工具。,露營咖啡與戶外餐食應先回到使用情境、頻率與限制，再比較品牌與商品。,ready-to-brief
6,1,高購買意圖導購文,輕戶外與旅行準備,outdoor-escapes,seasonal-checklist,夜間移動安全感：反光配件、行車紀錄、雨具與降噪睡眠,night-mobility-reflective-dashcam-rain-earplug-kit,夜間移動安全感,TP0000034;TP0001272;TP0003593,反光屋FKW;安鈦科技行車記錄器 HP惠普 響尾蛇 聲寶 總代理;耳根清靜 - 耳塞/優質睡眠專賣店,TP0001609;TP0003385;TP0009476,OMBRA 雨傘 雨衣 雨鞋 旗艦店;BELEX - 專業醫療護具品牌;Momax Taiwan 摩米士台灣品牌旗艦店,反光屋FKW;安鈦科技行車記錄器 HP惠普 響尾蛇 聲寶 總代理;耳根清靜 - 耳塞/優質睡眠專賣店;OMBRA 雨傘 雨衣 雨鞋 旗艦店;BELEX - 專業醫療護具品牌;Momax Taiwan 摩米士台灣品牌旗艦店,night-mobility-reflective-dashcam-rain-earplug,依文章情境配置 2-3 組 CTA,商品價格、規格、活動、庫存與限制均以商品頁公告為準；健康、寵物、照護、食品題不得承諾效果。,先建立使用順序與常見錯誤，再讓商品成為讀者下一步的工具。,夜間移動安全感應先回到使用情境、頻率與限制，再比較品牌與商品。,ready-to-brief
6,2,比較/選購順序文,輕戶外與旅行準備,outdoor-escapes,seasonal-checklist,親子週末出門清單：防曬、餐具、玩具、雨具與收納袋,family-weekend-outing-sun-tableware-toys-rain-storage,親子週末出門清單,TP0000116;TP0002712;TP0002179,UV100專業機能防曬服飾;2angels質感矽膠嬰幼餐具;888便利購 兒童玩具專賣店,TP0005684;TP0007070;TP0002948,FULTON 富爾頓皇家晴雨傘;S′AIME東京企劃;SUSS Living生活良品,UV100專業機能防曬服飾;2angels質感矽膠嬰幼餐具;888便利購 兒童玩具專賣店;FULTON 富爾頓皇家晴雨傘;S′AIME東京企劃;SUSS Living生活良品,family-weekend-outing-sun-tableware-toys-rain,依文章情境配置 2-3 組 CTA,商品價格、規格、活動、庫存與限制均以商品頁公告為準；健康、寵物、照護、食品題不得承諾效果。,先建立使用順序與常見錯誤，再讓商品成為讀者下一步的工具。,親子週末出門清單應先回到使用情境、頻率與限制，再比較品牌與商品。,ready-to-brief
6,3,AEO/GEO 答案型文章,居家儀式與收納升級,lifestyle-culture,buying-priority-guide,第一次養寵物的購物順序：食品、玩具、清潔與外出用品,first-pet-shopping-food-toy-cleaning-outing-order-2,第一次養寵物的購物順序,TP0009203;TP0002193;TP0007478,HeroMama官方直營;Tails Life 毛孩食舖;寵物王國 PetKingdom,TP0005844;TP0008435;TP0005724,petit沛蒂| 獸醫師指定貓狗保健寵物品牌;尾巴丘毛孩選物;【官方直營】淨淨Clean Clean,HeroMama官方直營;Tails Life 毛孩食舖;寵物王國 PetKingdom;petit沛蒂| 獸醫師指定貓狗保健寵物品牌;尾巴丘毛孩選物;【官方直營】淨淨Clean Clean,first-pet-shopping-food-toy-cleaning-outing-order,依文章情境配置 2-3 組 CTA,商品價格、規格、活動、庫存與限制均以商品頁公告為準；健康、寵物、照護、食品題不得承諾效果。,先建立使用順序與常見錯誤，再讓商品成為讀者下一步的工具。,第一次養寵物的購物順序應先回到使用情境、頻率與限制，再比較品牌與商品。,ready-to-brief
6,4,季節/情境文,居家儀式與收納升級,lifestyle-culture,buying-priority-guide,水族與小寵補貨清單：飼料、清潔、棲地與收納,aquarium-reptile-small-pet-food-cleaning-habitat-storage,水族與小寵補貨清單,TP0009226;TP0007478;TP0008435,Aqua Corner 角落水族;寵物王國 PetKingdom;尾巴丘毛孩選物,TP0005724;TP0003749;TP0000922,【官方直營】淨淨Clean Clean;JINKO 淨科;真蓁嚴選清潔生活館-專賣平板拖把、掃把、掃除用品,Aqua Corner 角落水族;寵物王國 PetKingdom;尾巴丘毛孩選物;【官方直營】淨淨Clean Clean;JINKO 淨科;真蓁嚴選清潔生活館-專賣平板拖把、掃把、掃除用品,aquarium-reptile-small-pet-food-cleaning-habitat,依文章情境配置 2-3 組 CTA,商品價格、規格、活動、庫存與限制均以商品頁公告為準；健康、寵物、照護、食品題不得承諾效果。,先建立使用順序與常見錯誤，再讓商品成為讀者下一步的工具。,水族與小寵補貨清單應先回到使用情境、頻率與限制，再比較品牌與商品。,ready-to-brief
6,5,品牌質感型雜誌文,辦公室補給與質感送禮,lifestyle-culture,gift-guide,寵物生日禮物：蛋糕、零食、玩具與清潔備案,pet-birthday-gift-cake-snack-toy-cleaning,寵物生日禮物,TP0001817;TP0002193;TP0007478,NiNiJA 妮妮家 寵物蛋糕與用品選物店;Tails Life 毛孩食舖;寵物王國 PetKingdom,TP0009203;TP0008435;TP0005724,HeroMama官方直營;尾巴丘毛孩選物;【官方直營】淨淨Clean Clean,NiNiJA 妮妮家 寵物蛋糕與用品選物店;Tails Life 毛孩食舖;寵物王國 PetKingdom;HeroMama官方直營;尾巴丘毛孩選物;【官方直營】淨淨Clean Clean,pet-birthday-gift-cake-snack-toy,依文章情境配置 2-3 組 CTA,商品價格、規格、活動、庫存與限制均以商品頁公告為準；健康、寵物、照護、食品題不得承諾效果。,先建立使用順序與常見錯誤，再讓商品成為讀者下一步的工具。,寵物生日禮物應先回到使用情境、頻率與限制，再比較品牌與商品。,ready-to-brief
6,6,高購買意圖導購文,辦公室補給與質感送禮,lifestyle-culture,buying-priority-guide,辦公室點心櫃：堅果、甜點、茶飲與咖啡怎麼分層,office-snack-cabinet-nuts-dessert-tea-coffee-layers,辦公室點心櫃,TP0003486;TP0003278;TP0005142,囍素堅果;食材玩家-精選全球美味🌍;Teavoya - 嘉柏茶業,TP0006151;TP0009388;TP0000776,Xinto Coffee 世界雙金咖啡烘豆廠 鑫圖咖啡;馬克老爹專賣好咖啡 MARK-ODS Co. LTD;KKM 健康飲食 專賣-植物奶|果汁|穀物果乾,囍素堅果;食材玩家-精選全球美味🌍;Teavoya - 嘉柏茶業;Xinto Coffee 世界雙金咖啡烘豆廠 鑫圖咖啡;馬克老爹專賣好咖啡 MARK-ODS Co. LTD;KKM 健康飲食 專賣-植物奶|果汁|穀物果乾,office-snack-cabinet-nuts-dessert-tea-coffee,依文章情境配置 2-3 組 CTA,商品價格、規格、活動、庫存與限制均以商品頁公告為準；健康、寵物、照護、食品題不得承諾效果。,先建立使用順序與常見錯誤，再讓商品成為讀者下一步的工具。,辦公室點心櫃應先回到使用情境、頻率與限制，再比較品牌與商品。,ready-to-brief
6,7,比較/選購順序文,辦公室補給與質感送禮,lifestyle-culture,seasonal-checklist,家庭餐桌週末補貨：冷凍食品、鍋具、餐具與茶點,family-weekend-table-frozen-food-cookware-tableware-tea,家庭餐桌週末補貨,TP0005993;TP0001754;TP0005971,田食原-冰烤地瓜 舒肥雞胸肉 冷凍蔬菜 自產自銷 冷凍食品;廚藝日本鍋具館;Home & Ceramics,TP0003333;TP0005142;TP0000363,暮朝食粹Muzhao | 創新食尚的伴手禮｜醬油 米餅 茶;Teavoya - 嘉柏茶業;大正餐具批發零售,田食原-冰烤地瓜 舒肥雞胸肉 冷凍蔬菜 自產自銷 冷凍食品;廚藝日本鍋具館;Home & Ceramics;暮朝食粹Muzhao | 創新食尚的伴手禮｜醬油 米餅 茶;Teavoya - 嘉柏茶業;大正餐具批發零售,family-weekend-table-frozen-food-cookware-tableware,依文章情境配置 2-3 組 CTA,商品價格、規格、活動、庫存與限制均以商品頁公告為準；健康、寵物、照護、食品題不得承諾效果。,先建立使用順序與常見錯誤，再讓商品成為讀者下一步的工具。,家庭餐桌週末補貨應先回到使用情境、頻率與限制，再比較品牌與商品。,ready-to-brief
6,8,AEO/GEO 答案型文章,辦公室補給與質感送禮,wellness-movement,buying-priority-guide,早餐與冷凍麵食補貨：饅頭、地瓜、雞胸與沖泡飲,breakfast-freezer-buns-sweet-potato-chicken-drinks,早餐與冷凍麵食補貨,TP0004495;TP0005993;TP0002822,花漾饅頭屋 | 天然手作真食材老麵發酵好味道;田食原-冰烤地瓜 舒肥雞胸肉 冷凍蔬菜 自產自銷 冷凍食品;本草養生From Nature,TP0000776;TP0002736;TP0006455,KKM 健康飲食 專賣-植物奶|果汁|穀物果乾;GUMi低碳;D醣一刻,花漾饅頭屋 | 天然手作真食材老麵發酵好味道;田食原-冰烤地瓜 舒肥雞胸肉 冷凍蔬菜 自產自銷 冷凍食品;本草養生From Nature;KKM 健康飲食 專賣-植物奶|果汁|穀物果乾;GUMi低碳;D醣一刻,breakfast-freezer-buns-sweet-potato-chicken,依文章情境配置 2-3 組 CTA,商品價格、規格、活動、庫存與限制均以商品頁公告為準；健康、寵物、照護、食品題不得承諾效果。,先建立使用順序與常見錯誤，再讓商品成為讀者下一步的工具。,早餐與冷凍麵食補貨應先回到使用情境、頻率與限制，再比較品牌與商品。,ready-to-brief
6,9,季節/情境文,居家儀式與收納升級,lifestyle-culture,buying-priority-guide,一人生活的餐具清單：杯盤、鍋具、咖啡茶與清潔收納,solo-living-tableware-cookware-coffee-tea-cleaning-storage,一人生活的餐具清單,TP0005971;TP0001754;TP0005142,Home & Ceramics;廚藝日本鍋具館;Teavoya - 嘉柏茶業,TP0000922;TP0007302;TP0009388,真蓁嚴選清潔生活館-專賣平板拖把、掃把、掃除用品;Desire & Passion 天森無患;馬克老爹專賣好咖啡 MARK-ODS Co. LTD,Home & Ceramics;廚藝日本鍋具館;Teavoya - 嘉柏茶業;真蓁嚴選清潔生活館-專賣平板拖把、掃把、掃除用品;Desire & Passion 天森無患;馬克老爹專賣好咖啡 MARK-ODS Co. LTD,solo-living-tableware-cookware-coffee-tea-cleaning,依文章情境配置 2-3 組 CTA,商品價格、規格、活動、庫存與限制均以商品頁公告為準；健康、寵物、照護、食品題不得承諾效果。,先建立使用順序與常見錯誤，再讓商品成為讀者下一步的工具。,一人生活的餐具清單應先回到使用情境、頻率與限制，再比較品牌與商品。,ready-to-brief
6,10,品牌質感型雜誌文,居家儀式與收納升級,lifestyle-culture,comparison-guide,玄關不是倉庫：鞋櫃、傘架、外出包與清潔工具怎麼分工,entryway-shoe-cabinet-umbrella-bag-cleaning-tools,玄關不是倉庫,TP0005953;TP0000922;TP0006481,完美主義 官方直營;真蓁嚴選清潔生活館-專賣平板拖把、掃把、掃除用品;悅家傢具城,TP0007407;TP0005684;TP0007070,RED HOUSE 家具工廠;FULTON 富爾頓皇家晴雨傘;S′AIME東京企劃,完美主義 官方直營;真蓁嚴選清潔生活館-專賣平板拖把、掃把、掃除用品;悅家傢具城;RED HOUSE 家具工廠;FULTON 富爾頓皇家晴雨傘;S′AIME東京企劃,entryway-shoe-cabinet-umbrella-bag-cleaning,依文章情境配置 2-3 組 CTA,商品價格、規格、活動、庫存與限制均以商品頁公告為準；健康、寵物、照護、食品題不得承諾效果。,先建立使用順序與常見錯誤，再讓商品成為讀者下一步的工具。,玄關不是倉庫應先回到使用情境、頻率與限制，再比較品牌與商品。,ready-to-brief
7,1,高購買意圖導購文,居家儀式與收納升級,lifestyle-culture,buying-priority-guide,衣櫃與洗衣區整理：衣架、收納箱、毛巾與床寢備品,closet-laundry-hanger-storage-towel-bedding-supplies,衣櫃與洗衣區整理,TP0005953;TP0002031;TP0002413,完美主義 官方直營;MORINO摩力諾生活館|毛巾 浴巾 襪子 除臭襪 史努比;禾肯居家｜北歐風床包被套枕套 中式床罩 保潔墊 IKEA床包,TP0001106;TP0007471;TP0000922,久賴家居｜質感寢具 棉被 天絲床包 涼被 枕頭 網紅推薦;夢露家居｜床包 被套 兩用被 枕頭 床單 床罩 涼被 保潔墊;真蓁嚴選清潔生活館-專賣平板拖把、掃把、掃除用品,完美主義 官方直營;MORINO摩力諾生活館|毛巾 浴巾 襪子 除臭襪 史努比;禾肯居家｜北歐風床包被套枕套 中式床罩 保潔墊 IKEA床包;久賴家居｜質感寢具 棉被 天絲床包 涼被 枕頭 網紅推薦;夢露家居｜床包 被套 兩用被 枕頭 床單 床罩 涼被 保潔墊;真蓁嚴選清潔生活館-專賣平板拖把、掃把、掃除用品,closet-laundry-hanger-storage-towel-bedding,依文章情境配置 2-3 組 CTA,商品價格、規格、活動、庫存與限制均以商品頁公告為準；健康、寵物、照護、食品題不得承諾效果。,先建立使用順序與常見錯誤，再讓商品成為讀者下一步的工具。,衣櫃與洗衣區整理應先回到使用情境、頻率與限制，再比較品牌與商品。,ready-to-brief
7,2,比較/選購順序文,低壓恢復與身體支撐,wellness-movement,use-case-guide,床邊櫃與睡前小物：耳塞、閱讀燈、香氛與床寢怎麼放,nightstand-bedtime-earplug-reading-light-scent-bedding,床邊櫃與睡前小物,TP0003593;TP0007295;TP0001941,耳根清靜 - 耳塞/優質睡眠專賣店;燈后- LED居家/智能/照明/五金/居家生活用品;BETENSH 床墊 | 官方旗艦店,TP0002458;TP0002413;TP0001001,THANN官方直營;禾肯居家｜北歐風床包被套枕套 中式床罩 保潔墊 IKEA床包;紳娜多家居官方店｜獨立筒枕 乳膠床 飯店枕 床包 被套 枕套,耳根清靜 - 耳塞/優質睡眠專賣店;燈后- LED居家/智能/照明/五金/居家生活用品;BETENSH 床墊 | 官方旗艦店;THANN官方直營;禾肯居家｜北歐風床包被套枕套 中式床罩 保潔墊 IKEA床包;紳娜多家居官方店｜獨立筒枕 乳膠床 飯店枕 床包 被套 枕套,nightstand-bedtime-earplug-reading-light-scent,依文章情境配置 2-3 組 CTA,商品價格、規格、活動、庫存與限制均以商品頁公告為準；健康、寵物、照護、食品題不得承諾效果。,先建立使用順序與常見錯誤，再讓商品成為讀者下一步的工具。,床邊櫃與睡前小物應先回到使用情境、頻率與限制，再比較品牌與商品。,ready-to-brief
7,3,AEO/GEO 答案型文章,低壓恢復與身體支撐,wellness-movement,seasonal-checklist,夏季床寢怎麼換：天絲、棉被、保潔墊與涼被的順序,summer-bedding-tencel-quilt-protector-cool-blanket-order,夏季床寢怎麼換,TP0002413;TP0001106;TP0007471,禾肯居家｜北歐風床包被套枕套 中式床罩 保潔墊 IKEA床包;久賴家居｜質感寢具 棉被 天絲床包 涼被 枕頭 網紅推薦;夢露家居｜床包 被套 兩用被 枕頭 床單 床罩 涼被 保潔墊,TP0002795;TP0003841;TP0001941,宜室家居｜床包 被套 兩用被 枕頭 床單 床罩 涼被 保潔墊;日創家居｜床包 被套 兩用被 枕頭 床單 床罩 保潔墊 涼被;BETENSH 床墊 | 官方旗艦店,禾肯居家｜北歐風床包被套枕套 中式床罩 保潔墊 IKEA床包;久賴家居｜質感寢具 棉被 天絲床包 涼被 枕頭 網紅推薦;夢露家居｜床包 被套 兩用被 枕頭 床單 床罩 涼被 保潔墊;宜室家居｜床包 被套 兩用被 枕頭 床單 床罩 涼被 保潔墊;日創家居｜床包 被套 兩用被 枕頭 床單 床罩 保潔墊 涼被;BETENSH 床墊 | 官方旗艦店,summer-bedding-tencel-quilt-protector-cool-blanket,依文章情境配置 2-3 組 CTA,商品價格、規格、活動、庫存與限制均以商品頁公告為準；健康、寵物、照護、食品題不得承諾效果。,先建立使用順序與常見錯誤，再讓商品成為讀者下一步的工具。,夏季床寢怎麼換應先回到使用情境、頻率與限制，再比較品牌與商品。,ready-to-brief
7,4,季節/情境文,居家儀式與收納升級,lifestyle-culture,comparison-guide,居家清潔工具牆：平板拖把、掃把、水槽清潔與垃圾桶,home-cleaning-tool-wall-mop-broom-sink-trash-bin,居家清潔工具牆,TP0000922;TP0003487;TP0005724,真蓁嚴選清潔生活館-專賣平板拖把、掃把、掃除用品;美利購清潔劑專賣店;【官方直營】淨淨Clean Clean,TP0005953;TP0005709;TP0007407,完美主義 官方直營;藤木居家具;RED HOUSE 家具工廠,真蓁嚴選清潔生活館-專賣平板拖把、掃把、掃除用品;美利購清潔劑專賣店;【官方直營】淨淨Clean Clean;完美主義 官方直營;藤木居家具;RED HOUSE 家具工廠,home-cleaning-tool-wall-mop-broom-sink-trash,依文章情境配置 2-3 組 CTA,商品價格、規格、活動、庫存與限制均以商品頁公告為準；健康、寵物、照護、食品題不得承諾效果。,先建立使用順序與常見錯誤，再讓商品成為讀者下一步的工具。,居家清潔工具牆應先回到使用情境、頻率與限制，再比較品牌與商品。,ready-to-brief
7,5,品牌質感型雜誌文,居家儀式與收納升級,lifestyle-culture,buy-better-longer-guide,租屋改造不動工：貼皮、燈光、收納與可移動家具,rental-refresh-sticker-light-storage-movable-furniture,租屋改造不動工,TP0009317;TP0007295;TP0005953,奇米家 輕鬆更換 愜意風格 DIY貼皮;燈后- LED居家/智能/照明/五金/居家生活用品;完美主義 官方直營,TP0006338;TP0007407;TP0004627,壹品輕奢家居館;RED HOUSE 家具工廠;灰調 生活家飾選品 香氛 精油 花器 燈飾,奇米家 輕鬆更換 愜意風格 DIY貼皮;燈后- LED居家/智能/照明/五金/居家生活用品;完美主義 官方直營;壹品輕奢家居館;RED HOUSE 家具工廠;灰調 生活家飾選品 香氛 精油 花器 燈飾,rental-refresh-sticker-light-storage-movable,依文章情境配置 2-3 組 CTA,商品價格、規格、活動、庫存與限制均以商品頁公告為準；健康、寵物、照護、食品題不得承諾效果。,先建立使用順序與常見錯誤，再讓商品成為讀者下一步的工具。,租屋改造不動工應先回到使用情境、頻率與限制，再比較品牌與商品。,ready-to-brief
7,6,高購買意圖導購文,輕戶外與旅行準備,outdoor-escapes,seasonal-checklist,小陽台與庭院用品：遮陽、戶外椅、收納與植物照顧,patio-balcony-shade-outdoor-chair-storage-plant-care,小陽台與庭院用品,TP0006752;TP0003074;TP0003894,campingflying 想露飛飛;江大露營裝備;COZZY嚴選-品牌官方旗艦店-園藝/按摩用品/質感選物,TP0005684;TP0009177;TP0005953,FULTON 富爾頓皇家晴雨傘;ANPING 安平 - 戶外用品專賣;完美主義 官方直營,campingflying 想露飛飛;江大露營裝備;COZZY嚴選-品牌官方旗艦店-園藝/按摩用品/質感選物;FULTON 富爾頓皇家晴雨傘;ANPING 安平 - 戶外用品專賣;完美主義 官方直營,patio-balcony-shade-outdoor-chair-storage-plant,依文章情境配置 2-3 組 CTA,商品價格、規格、活動、庫存與限制均以商品頁公告為準；健康、寵物、照護、食品題不得承諾效果。,先建立使用順序與常見錯誤，再讓商品成為讀者下一步的工具。,小陽台與庭院用品應先回到使用情境、頻率與限制，再比較品牌與商品。,ready-to-brief
7,7,比較/選購順序文,輕戶外與旅行準備,outdoor-escapes,faq-hub,游泳與戶外課前準備：泳鏡、防曬、毛巾與收納袋,swimming-outdoor-class-goggles-sun-towel-storage-bag,游泳與戶外課前準備,TP0003976;TP0000116;TP0002031,【泳遠｜SwimSight】看得更清楚，游得更遠！;UV100專業機能防曬服飾;MORINO摩力諾生活館|毛巾 浴巾 襪子 除臭襪 史努比,TP0007070;TP0005684;TP0002712,S′AIME東京企劃;FULTON 富爾頓皇家晴雨傘;2angels質感矽膠嬰幼餐具,【泳遠｜SwimSight】看得更清楚，游得更遠！;UV100專業機能防曬服飾;MORINO摩力諾生活館|毛巾 浴巾 襪子 除臭襪 史努比;S′AIME東京企劃;FULTON 富爾頓皇家晴雨傘;2angels質感矽膠嬰幼餐具,swimming-outdoor-class-goggles-sun-towel-storage,依文章情境配置 2-3 組 CTA,商品價格、規格、活動、庫存與限制均以商品頁公告為準；健康、寵物、照護、食品題不得承諾效果。,先建立使用順序與常見錯誤，再讓商品成為讀者下一步的工具。,游泳與戶外課前準備應先回到使用情境、頻率與限制，再比較品牌與商品。,ready-to-brief
7,8,AEO/GEO 答案型文章,AI 工作角落與創作者裝備,ai-innovation,use-case-guide,城市週末拍攝包：手機支架、CPL、黑柔濾鏡與防曬外套,city-weekend-photo-kit-phone-rig-cpl-filter-sun-jacket,城市週末拍攝包,TP0002918;TP0009335;TP0000116,GoRig行動攝錄影專賣;Haida 台灣總代理;UV100專業機能防曬服飾,TP0009476;TP0007424;TP0005684,Momax Taiwan 摩米士台灣品牌旗艦店;Litume 意都美 露營 登山 戶外 旅遊用品;FULTON 富爾頓皇家晴雨傘,GoRig行動攝錄影專賣;Haida 台灣總代理;UV100專業機能防曬服飾;Momax Taiwan 摩米士台灣品牌旗艦店;Litume 意都美 露營 登山 戶外 旅遊用品;FULTON 富爾頓皇家晴雨傘,city-weekend-photo-kit-phone-rig-cpl-filter-sun,依文章情境配置 2-3 組 CTA,商品價格、規格、活動、庫存與限制均以商品頁公告為準；健康、寵物、照護、食品題不得承諾效果。,先建立使用順序與常見錯誤，再讓商品成為讀者下一步的工具。,城市週末拍攝包應先回到使用情境、頻率與限制，再比較品牌與商品。,ready-to-brief
7,9,季節/情境文,AI 工作角落與創作者裝備,ai-innovation,buying-priority-guide,手機車用配置：手機架、車充、線材、行車紀錄與雨天備案,car-phone-setup-mount-charger-cable-dashcam-rain,手機車用配置,TP0000092;TP0009476;TP0001272,Cliff Top 台灣製車充 機車充電手機架;Momax Taiwan 摩米士台灣品牌旗艦店;安鈦科技行車記錄器 HP惠普 響尾蛇 聲寶 總代理,TP0000669;TP0001609;TP0005684,手些小子3C 專營Apple蘋果周邊配件;OMBRA 雨傘 雨衣 雨鞋 旗艦店;FULTON 富爾頓皇家晴雨傘,Cliff Top 台灣製車充 機車充電手機架;Momax Taiwan 摩米士台灣品牌旗艦店;安鈦科技行車記錄器 HP惠普 響尾蛇 聲寶 總代理;手些小子3C 專營Apple蘋果周邊配件;OMBRA 雨傘 雨衣 雨鞋 旗艦店;FULTON 富爾頓皇家晴雨傘,car-phone-setup-mount-charger-cable-dashcam,依文章情境配置 2-3 組 CTA,商品價格、規格、活動、庫存與限制均以商品頁公告為準；健康、寵物、照護、食品題不得承諾效果。,先建立使用順序與常見錯誤，再讓商品成為讀者下一步的工具。,手機車用配置應先回到使用情境、頻率與限制，再比較品牌與商品。,ready-to-brief
7,10,品牌質感型雜誌文,AI 工作角落與創作者裝備,ai-innovation,comparison-guide,簡報日的遠距設備：耳機、麥克風、螢幕與桌面光線,presentation-day-remote-gear-headset-mic-monitor-light,簡報日的遠距設備,TP0001204;TP0007934;TP0005967,DTAudio聆翔 官方旗艦店-你的耳機喇叭專門家;曜暘音響;REAICE｜外接式螢幕、充電線材、3C周邊,TP0007295;TP0006348;TP0009476,燈后- LED居家/智能/照明/五金/居家生活用品;LamiFans;Momax Taiwan 摩米士台灣品牌旗艦店,DTAudio聆翔 官方旗艦店-你的耳機喇叭專門家;曜暘音響;REAICE｜外接式螢幕、充電線材、3C周邊;燈后- LED居家/智能/照明/五金/居家生活用品;LamiFans;Momax Taiwan 摩米士台灣品牌旗艦店,presentation-day-remote-gear-headset-mic-monitor,依文章情境配置 2-3 組 CTA,商品價格、規格、活動、庫存與限制均以商品頁公告為準；健康、寵物、照護、食品題不得承諾效果。,先建立使用順序與常見錯誤，再讓商品成為讀者下一步的工具。,簡報日的遠距設備應先回到使用情境、頻率與限制，再比較品牌與商品。,ready-to-brief
8,1,高購買意圖導購文,AI 工作角落與創作者裝備,ai-innovation,buying-priority-guide,高效率桌面別只買大桌：椅墊、靠枕、螢幕與收納順序,efficient-desk-cushion-backrest-monitor-storage-order,高效率桌面別只買大桌,TP0007407;TP0006481;TP0005967,RED HOUSE 家具工廠;悅家傢具城;REAICE｜外接式螢幕、充電線材、3C周邊,TP0006348;TP0005953;TP0007295,LamiFans;完美主義 官方直營;燈后- LED居家/智能/照明/五金/居家生活用品,RED HOUSE 家具工廠;悅家傢具城;REAICE｜外接式螢幕、充電線材、3C周邊;LamiFans;完美主義 官方直營;燈后- LED居家/智能/照明/五金/居家生活用品,efficient-desk-cushion-backrest-monitor-storage,依文章情境配置 2-3 組 CTA,商品價格、規格、活動、庫存與限制均以商品頁公告為準；健康、寵物、照護、食品題不得承諾效果。,先建立使用順序與常見錯誤，再讓商品成為讀者下一步的工具。,高效率桌面別只買大桌應先回到使用情境、頻率與限制，再比較品牌與商品。,ready-to-brief
8,2,比較/選購順序文,AI 工作角落與創作者裝備,ai-innovation,faq-hub,工作角落的聲音整理：耳機、喇叭、降噪與會議收音,work-corner-sound-headphones-speaker-noise-meeting-audio,工作角落的聲音整理,TP0001204;TP0007934;TP0006348,DTAudio聆翔 官方旗艦店-你的耳機喇叭專門家;曜暘音響;LamiFans,TP0003593;TP0005967;TP0009476,耳根清靜 - 耳塞/優質睡眠專賣店;REAICE｜外接式螢幕、充電線材、3C周邊;Momax Taiwan 摩米士台灣品牌旗艦店,DTAudio聆翔 官方旗艦店-你的耳機喇叭專門家;曜暘音響;LamiFans;耳根清靜 - 耳塞/優質睡眠專賣店;REAICE｜外接式螢幕、充電線材、3C周邊;Momax Taiwan 摩米士台灣品牌旗艦店,work-corner-sound-headphones-speaker-noise-meeting,依文章情境配置 2-3 組 CTA,商品價格、規格、活動、庫存與限制均以商品頁公告為準；健康、寵物、照護、食品題不得承諾效果。,先建立使用順序與常見錯誤，再讓商品成為讀者下一步的工具。,工作角落的聲音整理應先回到使用情境、頻率與限制，再比較品牌與商品。,ready-to-brief
8,3,AEO/GEO 答案型文章,低壓恢復與身體支撐,wellness-movement,seasonal-checklist,夏季辦公室冷氣備案：薄外套、熱飲、耳塞與桌面燈,summer-office-ac-backup-light-jacket-hot-drink-earplug-lamp,夏季辦公室冷氣備案,TP0007424;TP0005142;TP0003593,Litume 意都美 露營 登山 戶外 旅遊用品;Teavoya - 嘉柏茶業;耳根清靜 - 耳塞/優質睡眠專賣店,TP0007295;TP0000116;TP0002458,燈后- LED居家/智能/照明/五金/居家生活用品;UV100專業機能防曬服飾;THANN官方直營,Litume 意都美 露營 登山 戶外 旅遊用品;Teavoya - 嘉柏茶業;耳根清靜 - 耳塞/優質睡眠專賣店;燈后- LED居家/智能/照明/五金/居家生活用品;UV100專業機能防曬服飾;THANN官方直營,summer-office-ac-backup-light-jacket-hot-drink-earplug,依文章情境配置 2-3 組 CTA,商品價格、規格、活動、庫存與限制均以商品頁公告為準；健康、寵物、照護、食品題不得承諾效果。,先建立使用順序與常見錯誤，再讓商品成為讀者下一步的工具。,夏季辦公室冷氣備案應先回到使用情境、頻率與限制，再比較品牌與商品。,ready-to-brief
8,4,季節/情境文,低壓恢復與身體支撐,wellness-movement,use-case-guide,長途移動恢復包：耳塞、護具、行李箱、茶包與防曬,long-trip-recovery-kit-earplug-brace-luggage-tea-sun,長途移動恢復包,TP0003593;TP0003385;TP0002546,耳根清靜 - 耳塞/優質睡眠專賣店;BELEX - 專業醫療護具品牌;ENDUO恩多箱包,TP0005142;TP0000116;TP0005684,Teavoya - 嘉柏茶業;UV100專業機能防曬服飾;FULTON 富爾頓皇家晴雨傘,耳根清靜 - 耳塞/優質睡眠專賣店;BELEX - 專業醫療護具品牌;ENDUO恩多箱包;Teavoya - 嘉柏茶業;UV100專業機能防曬服飾;FULTON 富爾頓皇家晴雨傘,long-trip-recovery-kit-earplug-brace-luggage-tea,依文章情境配置 2-3 組 CTA,商品價格、規格、活動、庫存與限制均以商品頁公告為準；健康、寵物、照護、食品題不得承諾效果。,先建立使用順序與常見錯誤，再讓商品成為讀者下一步的工具。,長途移動恢復包應先回到使用情境、頻率與限制，再比較品牌與商品。,ready-to-brief
8,5,品牌質感型雜誌文,低壓恢復與身體支撐,wellness-movement,problem-solution-guide,長輩閱讀與照護角落：檯燈、眼鏡、收納與照護用品,elder-reading-care-corner-lamp-glasses-storage-care-supplies,長輩閱讀與照護角落,TP0007295;TP0009515;TP0005698,燈后- LED居家/智能/照明/五金/居家生活用品;極光視覺 Polars Design | 百搭美學選鏡;一然健康,TP0008844;TP0005953;TP0004949,TWyzy新世代(充氣)沐浴床包;完美主義 官方直營;EVERPOLL 愛科濾淨實業股份有限公司 官方直營,燈后- LED居家/智能/照明/五金/居家生活用品;極光視覺 Polars Design | 百搭美學選鏡;一然健康;TWyzy新世代(充氣)沐浴床包;完美主義 官方直營;EVERPOLL 愛科濾淨實業股份有限公司 官方直營,elder-reading-care-corner-lamp-glasses-storage-care,依文章情境配置 2-3 組 CTA,商品價格、規格、活動、庫存與限制均以商品頁公告為準；健康、寵物、照護、食品題不得承諾效果。,先建立使用順序與常見錯誤，再讓商品成為讀者下一步的工具。,長輩閱讀與照護角落應先回到使用情境、頻率與限制，再比較品牌與商品。,ready-to-brief
8,6,高購買意圖導購文,居家儀式與收納升級,lifestyle-culture,buying-priority-guide,家庭浴室補貨：毛巾、清潔、口腔用品與收納動線,family-bathroom-restock-towel-cleaning-oral-care-storage,家庭浴室補貨,TP0002031;TP0005724;TP0002971,MORINO摩力諾生活館|毛巾 浴巾 襪子 除臭襪 史努比;【官方直營】淨淨Clean Clean;牙齒寶寶TeethBaby專業口腔,TP0000922;TP0003487;TP0007302,真蓁嚴選清潔生活館-專賣平板拖把、掃把、掃除用品;美利購清潔劑專賣店;Desire & Passion 天森無患,MORINO摩力諾生活館|毛巾 浴巾 襪子 除臭襪 史努比;【官方直營】淨淨Clean Clean;牙齒寶寶TeethBaby專業口腔;真蓁嚴選清潔生活館-專賣平板拖把、掃把、掃除用品;美利購清潔劑專賣店;Desire & Passion 天森無患,family-bathroom-restock-towel-cleaning-oral-care,依文章情境配置 2-3 組 CTA,商品價格、規格、活動、庫存與限制均以商品頁公告為準；健康、寵物、照護、食品題不得承諾效果。,先建立使用順序與常見錯誤，再讓商品成為讀者下一步的工具。,家庭浴室補貨應先回到使用情境、頻率與限制，再比較品牌與商品。,ready-to-brief
8,7,比較/選購順序文,辦公室補給與質感送禮,lifestyle-culture,gift-guide,咖啡茶與伴手禮桌：杯盤、茶點、香氛與客製小物,coffee-tea-gift-table-tableware-snack-scent-custom,咖啡茶與伴手禮桌,TP0005971;TP0003333;TP0002458,Home & Ceramics;暮朝食粹Muzhao | 創新食尚的伴手禮｜醬油 米餅 茶;THANN官方直營,TP0006348;TP0005142;TP0009388,LamiFans;Teavoya - 嘉柏茶業;馬克老爹專賣好咖啡 MARK-ODS Co. LTD,Home & Ceramics;暮朝食粹Muzhao | 創新食尚的伴手禮｜醬油 米餅 茶;THANN官方直營;LamiFans;Teavoya - 嘉柏茶業;馬克老爹專賣好咖啡 MARK-ODS Co. LTD,coffee-tea-gift-table-tableware-snack-scent,依文章情境配置 2-3 組 CTA,商品價格、規格、活動、庫存與限制均以商品頁公告為準；健康、寵物、照護、食品題不得承諾效果。,先建立使用順序與常見錯誤，再讓商品成為讀者下一步的工具。,咖啡茶與伴手禮桌應先回到使用情境、頻率與限制，再比較品牌與商品。,ready-to-brief
8,8,AEO/GEO 答案型文章,居家儀式與收納升級,lifestyle-culture,seasonal-checklist,週末家務重整：清潔、洗衣、床寢、補貨與出門包,weekend-home-reset-cleaning-laundry-bedding-restock-bag,週末家務重整,TP0000922;TP0002031;TP0002413,真蓁嚴選清潔生活館-專賣平板拖把、掃把、掃除用品;MORINO摩力諾生活館|毛巾 浴巾 襪子 除臭襪 史努比;禾肯居家｜北歐風床包被套枕套 中式床罩 保潔墊 IKEA床包,TP0007070;TP0005953;TP0005724,S′AIME東京企劃;完美主義 官方直營;【官方直營】淨淨Clean Clean,真蓁嚴選清潔生活館-專賣平板拖把、掃把、掃除用品;MORINO摩力諾生活館|毛巾 浴巾 襪子 除臭襪 史努比;禾肯居家｜北歐風床包被套枕套 中式床罩 保潔墊 IKEA床包;S′AIME東京企劃;完美主義 官方直營;【官方直營】淨淨Clean Clean,weekend-home-reset-cleaning-laundry-bedding-restock,依文章情境配置 2-3 組 CTA,商品價格、規格、活動、庫存與限制均以商品頁公告為準；健康、寵物、照護、食品題不得承諾效果。,先建立使用順序與常見錯誤，再讓商品成為讀者下一步的工具。,週末家務重整應先回到使用情境、頻率與限制，再比較品牌與商品。,ready-to-brief
8,9,季節/情境文,辦公室補給與質感送禮,lifestyle-culture,brand-editorial,桌面下午茶儀式：咖啡杯、茶包、點心、香氛與閱讀燈,desk-afternoon-ritual-coffee-cup-tea-snack-scent-lamp,桌面下午茶儀式,TP0005971;TP0005142;TP0003278,Home & Ceramics;Teavoya - 嘉柏茶業;食材玩家-精選全球美味🌍,TP0009429;TP0007295;TP0006151,au fait 無非｜手作香氛館;燈后- LED居家/智能/照明/五金/居家生活用品;Xinto Coffee 世界雙金咖啡烘豆廠 鑫圖咖啡,Home & Ceramics;Teavoya - 嘉柏茶業;食材玩家-精選全球美味🌍;au fait 無非｜手作香氛館;燈后- LED居家/智能/照明/五金/居家生活用品;Xinto Coffee 世界雙金咖啡烘豆廠 鑫圖咖啡,desk-afternoon-ritual-coffee-cup-tea-snack-scent,依文章情境配置 2-3 組 CTA,商品價格、規格、活動、庫存與限制均以商品頁公告為準；健康、寵物、照護、食品題不得承諾效果。,先建立使用順序與常見錯誤，再讓商品成為讀者下一步的工具。,桌面下午茶儀式應先回到使用情境、頻率與限制，再比較品牌與商品。,ready-to-brief
8,10,品牌質感型雜誌文,輕戶外與旅行準備,outdoor-escapes,faq-hub,旅行前一晚的採買檢查：行李箱、雨具、充電、睡眠與護具,night-before-travel-luggage-rain-charging-sleep-brace-check,旅行前一晚的採買檢查,TP0002546;TP0005684;TP0009476,ENDUO恩多箱包;FULTON 富爾頓皇家晴雨傘;Momax Taiwan 摩米士台灣品牌旗艦店,TP0003593;TP0003385;TP0007070,耳根清靜 - 耳塞/優質睡眠專賣店;BELEX - 專業醫療護具品牌;S′AIME東京企劃,ENDUO恩多箱包;FULTON 富爾頓皇家晴雨傘;Momax Taiwan 摩米士台灣品牌旗艦店;耳根清靜 - 耳塞/優質睡眠專賣店;BELEX - 專業醫療護具品牌;S′AIME東京企劃,night-before-travel-luggage-rain-charging-sleep-brace,依文章情境配置 2-3 組 CTA,商品價格、規格、活動、庫存與限制均以商品頁公告為準；健康、寵物、照護、食品題不得承諾效果。,先建立使用順序與常見錯誤，再讓商品成為讀者下一步的工具。,旅行前一晚的採買檢查應先回到使用情境、頻率與限制，再比較品牌與商品。,ready-to-brief
